Unnamed: 0,year,region,installed,technology,year,agent,emission_costs,category,sector
1,2060,R1,2025,gasboiler,2060,A3,0,retrofit,residential
2,2025,R1,2025,gasboiler,2025,A3,0,retrofit,residential
3,2060,R1,2050,gasboiler,2060,A3,0,newcapa,residential
4,2055,R1,2055,gasboiler,2055,A1,0,retrofit,residential
5,2030,R1,2030,gassupply1,2030,A1,0,retrofit,gas
6,2055,R1,2025,gasboiler,2055,A1,0,newcapa,residential
7,2030,R1,2025,gassupply1,2030,A1,0,newcapa,gas
8,2040,R1,2040,gasboiler,2040,A1,0,newcapa,residential
9,2060,R1,2050,gasboiler,2060,A2,0,newcapa,residential
10,2025,R1,2025,gasboiler,2025,A1,0,newcapa,residential
11,2055,R1,2045,gasboiler,2055,A3,0,retrofit,residential
12,2025,R1,2025,gasboiler,2025,A3,0,retrofit,residential
13,2055,R1,2025,gasCCGT,2055,A1,0,newcapa,power
14,2055,R1,2025,gasboiler,2055,A3,0,retrofit,residential
15,2025,R1,2025,gasboiler,2025,A1,0,retrofit,residential
16,2060,R1,2025,windturbine,2060,A1,0,newcapa,power
17,2050,R1,2040,gasboiler,2050,A1,0,retrofit,residential
18,2040,R1,2025,windturbine,2040,A1,0,newcapa,power
19,2045,R1,2045,gassupply1,2045,A1,0,newcapa,gas
20,2045,R1,2045,gasboiler,2045,A2,0,retrofit,residential
21,2060,R1,2045,gasboiler,2060,A1,0,newcapa,residential
22,2055,R1,2050,gassupply1,2055,A1,0,newcapa,gas
23,2030,R1,2030,heatpump,2030,A2,0,retrofit,residential
24,2055,R1,2040,gasboiler,2055,A2,0,newcapa,residential
25,2040,R1,2030,gassupply1,2040,A1,0,retrofit,gas
26,2060,R1,2040,gasboiler,2060,A1,0,newcapa,residential
27,2060,R1,2050,gasboiler,2060,A3,0,retrofit,residential
28,2035,R1,2025,gasboiler,2035,A1,0,retrofit,residential
29,2045,R1,2025,gasCCGT,2045,A1,0,retrofit,power
30,2035,R1,2025,windturbine,2035,A1,0,newcapa,power
31,2050,R1,2040,gasboiler,2050,A1,0,newcapa,residential
32,2055,R1,2050,gasboiler,2055,A2,0,retrofit,residential
33,2055,R1,2045,gasboiler,2055,A3,0,newcapa,residential
34,2050,R1,2025,gasCCGT,2050,A1,0,newcapa,power
35,2060,R1,2025,gasboiler,2060,A3,0,newcapa,residential
36,2060,R1,2040,gasboiler,2060,A3,0,newcapa,residential
37,2035,R1,2025,gasboiler,2035,A3,0,retrofit,residential
38,2055,R1,2050,gasboiler,2055,A2,0,retrofit,residential
39,2055,R1,2025,gasboiler,2055,A2,0,retrofit,residential
40,2035,R1,2030,heatpump,2035,A1,0,retrofit,residential
41,2040,R1,2030,windturbine,2040,A1,0,newcapa,power
42,2040,R1,2030,gasboiler,2040,A3,0,retrofit,residential
43,2060,R1,2040,gasboiler,2060,A1,0,newcapa,residential
44,2055,R1,2045,gasboiler,2055,A1,0,retrofit,residential
45,2055,R1,2040,gassupply1,2055,A1,0,newcapa,gas
46,2050,R1,2025,gasboiler,2050,A1,0,retrofit,residential
47,2035,R1,2025,windturbine,2035,A1,0,newcapa,power
48,2055,R1,2035,gasboiler,2055,A3,0,newcapa,residential
49,2045,R1,2035,gasboiler,2045,A1,0,retrofit,residential
50,2050,R1,2025,gasCCGT,2050,A1,0,retrofit,power
51,2040,R1,2030,heatpump,2040,A2,0,retrofit,residential
52,2055,R1,2050,gasboiler,2055,A2,0,newcapa,residential
53,2060,R1,2050,gasboiler,2060,A1,0,retrofit,residential
54,2050,R1,2030,windturbine,2050,A1,0,retrofit,power
55,2035,R1,2035,gasboiler,2035,A1,0,newcapa,residential
56,2050,R1,2040,gasboiler,2050,A3,0,newcapa,residential
57,2040,R1,2025,gasCCGT,2040,A1,0,retrofit,power
58,2055,R1,2045,gasboiler,2055,A2,0,retrofit,residential
59,2050,R1,2025,gasCCGT,2050,A1,0,newcapa,power
60,2060,R1,2040,gasboiler,2060,A2,0,newcapa,residential
61,2045,R1,2045,gasboiler,2045,A2,0,newcapa,residential
62,2060,R1,2040,gasboiler,2060,A3,0,newcapa,residential
63,2040,R1,2040,gasboiler,2040,A2,0,retrofit,residential
64,2025,R1,2025,gassupply1,2025,A1,0,retrofit,gas
65,2060,R1,2060,gasboiler,2060,A1,0,retrofit,residential
66,2060,R1,2050,gassupply2,2060,A1,0,newcapa,gas
67,2040,R1,2040,gassupply1,2040,A1,0,retrofit,gas
68,2045,R1,2035,gasboiler,2045,A3,0,retrofit,residential
69,2050,R1,2025,gasboiler,2050,A1,0,newcapa,residential
70,2050,R1,2045,gasboiler,2050,A1,0,newcapa,residential
71,2035,R1,2030,windturbine,2035,A1,0,retrofit,power
72,2060,R1,2025,gasboiler,2060,A3,0,newcapa,residential
73,2040,R1,2030,windturbine,2040,A1,0,newcapa,power
74,2060,R1,2025,gasCCGT,2060,A1,0,newcapa,power
75,2045,R1,2025,gasCCGT,2045,A1,0,retrofit,power
76,2045,R1,2030,windturbine,2045,A1,0,newcapa,power
77,2035,R1,2025,windturbine,2035,A1,0,retrofit,power
78,2060,R1,2050,gassupply2,2060,A1,0,retrofit,gas
79,2035,R1,2030,gassupply1,2035,A1,0,retrofit,gas
80,2045,R1,2040,gasboiler,2045,A2,0,retrofit,residential
81,2055,R1,2025,windturbine,2055,A1,0,newcapa,power
82,2060,R1,2050,gassupply2,2060,A1,0,retrofit,gas
83,2060,R1,2025,gasboiler,2060,A1,0,retrofit,residential
84,2045,R1,2045,gasboiler,2045,A2,0,retrofit,residential
85,2055,R1,2030,windturbine,2055,A1,0,newcapa,power
86,2050,R1,2040,gasboiler,2050,A3,0,newcapa,residential
87,2060,R1,2025,windturbine,2060,A1,0,newcapa,power
88,2025,R1,2025,gasboiler,2025,A3,0,retrofit,residential
89,2055,R1,2050,gassupply2,2055,A1,0,newcapa,gas
90,2060,R1,2025,gasboiler,2060,A2,0,retrofit,residential
91,2055,R1,2040,gassupply1,2055,A1,0,newcapa,gas
92,2045,R1,2040,gasboiler,2045,A3,0,retrofit,residential
93,2060,R1,2055,gasboiler,2060,A2,0,retrofit,residential
94,2055,R1,2025,gasboiler,2055,A3,0,newcapa,residential
95,2045,R1,2035,gassupply1,2045,A1,0,retrofit,gas
96,2055,R1,2050,gassupply1,2055,A1,0,retrofit,gas
97,2055,R1,2050,gasboiler,2055,A2,0,newcapa,residential
98,2060,R1,2055,gasboiler,2060,A3,0,retrofit,residential
99,2040,R1,2025,windturbine,2040,A1,0,retrofit,power
100,2035,R1,2030,heatpump,2035,A2,0,retrofit,residential
101,2055,R1,2045,gasboiler,2055,A3,0,retrofit,residential
102,2030,R1,2025,gassupply1,2030,A1,0,newcapa,gas
103,2060,R1,2060,gasboiler,2060,A1,0,retrofit,residential
104,2035,R1,2030,heatpump,2035,A1,0,retrofit,residential
105,2035,R1,2030,gassupply1,2035,A1,0,retrofit,gas
106,2050,R1,2040,gassupply1,2050,A1,0,retrofit,gas
107,2060,R1,2035,gasboiler,2060,A1,0,newcapa,residential
108,2055,R1,2025,gasboiler,2055,A2,0,newcapa,residential
109,2035,R1,2035,gasboiler,2035,A3,0,retrofit,residential
110,2045,R1,2030,windturbine,2045,A1,0,retrofit,power
111,2050,R1,2035,gasboiler,2050,A3,0,newcapa,residential
112,2025,R1,2025,gassupply1,2025,A1,0,newcapa,gas
113,2055,R1,2040,gasboiler,2055,A1,0,newcapa,residential
114,2030,R1,2030,gasboiler,2030,A3,0,newcapa,residential
115,2045,R1,2025,windturbine,2045,A1,0,retrofit,power
116,2040,R1,2025,windturbine,2040,A1,0,newcapa,power
117,2050,R1,2035,gasboiler,2050,A2,0,newcapa,residential
118,2055,R1,2050,gassupply2,2055,A1,0,newcapa,gas
119,2060,R1,2030,windturbine,2060,A1,0,newcapa,power
120,2040,R1,2025,windturbine,2040,A1,0,retrofit,power
121,2060,R1,2050,gasboiler,2060,A1,0,newcapa,residential
122,2040,R1,2040,gassupply1,2040,A1,0,retrofit,gas
123,2030,R1,2025,gasCCGT,2030,A1,0,newcapa,power
124,2050,R1,2025,gasboiler,2050,A2,0,newcapa,residential
125,2060,R1,2060,gassupply2,2060,A1,0,retrofit,gas
126,2045,R1,2045,gasboiler,2045,A2,0,newcapa,residential
127,2060,R1,2025,gasboiler,2060,A2,0,retrofit,residential
128,2030,R1,2025,heatpump,2030,A1,0,retrofit,residential
129,2055,R1,2035,gassupply1,2055,A1,0,newcapa,gas
130,2035,R1,2025,windturbine,2035,A1,0,newcapa,power
131,2025,R1,2025,heatpump,2025,A1,0,retrofit,residential
132,2040,R1,2035,gasboiler,2040,A2,0,retrofit,residential
133,2060,R1,2055,gasboiler,2060,A1,0,retrofit,residential
134,2030,R1,2025,gasCCGT,2030,A1,0,retrofit,power
135,2045,R1,2025,windturbine,2045,A1,0,newcapa,power
136,2050,R1,2045,gasboiler,2050,A1,0,newcapa,residential
137,2055,R1,2035,gasboiler,2055,A2,0,newcapa,residential
138,2045,R1,2035,gasboiler,2045,A2,0,retrofit,residential
139,2045,R1,2040,gasboiler,2045,A2,0,retrofit,residential
140,2045,R1,2045,gassupply1,2045,A1,0,newcapa,gas
141,2060,R1,2050,gasboiler,2060,A2,0,retrofit,residential
142,2055,R1,2030,windturbine,2055,A1,0,newcapa,power
143,2045,R1,2035,gasboiler,2045,A1,0,retrofit,residential
144,2040,R1,2040,gasboiler,2040,A2,0,newcapa,residential
145,2050,R1,2040,gasboiler,2050,A3,0,retrofit,residential
146,2035,R1,2025,gasboiler,2035,A1,0,retrofit,residential
147,2055,R1,2045,gasboiler,2055,A1,0,newcapa,residential
148,2025,R1,2025,gasboiler,2025,A2,0,retrofit,residential
149,2040,R1,2025,windturbine,2040,A1,0,retrofit,power
150,2060,R1,2055,gasboiler,2060,A3,0,retrofit,residential
151,2045,R1,2045,gasboiler,2045,A2,0,newcapa,residential
152,2055,R1,2035,gasboiler,2055,A2,0,newcapa,residential
153,2040,R1,2030,heatpump,2040,A1,0,retrofit,residential
154,2055,R1,2050,gasboiler,2055,A1,0,retrofit,residential
155,2025,R1,2025,windturbine,2025,A1,0,retrofit,power
156,2045,R1,2025,gasboiler,2045,A3,0,retrofit,residential
157,2050,R1,2050,gasboiler,2050,A3,0,retrofit,residential
158,2055,R1,2035,gasboiler,2055,A1,0,newcapa,residential
159,2035,R1,2035,gasboiler,2035,A3,0,retrofit,residential
160,2055,R1,2050,gasboiler,2055,A1,0,newcapa,residential
161,2030,R1,2025,gasCCGT,2030,A1,0,newcapa,power
162,2045,R1,2045,gasboiler,2045,A1,0,retrofit,residential
163,2060,R1,2040,gasboiler,2060,A2,0,newcapa,residential
164,2050,R1,2045,gassupply1,2050,A1,0,retrofit,gas
165,2060,R1,2040,gassupply1,2060,A1,0,newcapa,gas
166,2055,R1,2045,gassupply1,2055,A1,0,retrofit,gas
167,2055,R1,2050,gasboiler,2055,A3,0,newcapa,residential
168,2050,R1,2025,gasboiler,2050,A3,0,newcapa,residential
169,2035,R1,2035,gasboiler,2035,A2,0,retrofit,residential
170,2055,R1,2050,gasboiler,2055,A1,0,newcapa,residential
171,2060,R1,2050,gasboiler,2060,A1,0,retrofit,residential
172,2035,R1,2035,gassupply1,2035,A1,0,retrofit,gas
173,2040,R1,2030,windturbine,2040,A1,0,newcapa,power
174,2035,R1,2025,gasCCGT,2035,A1,0,newcapa,power
175,2060,R1,2050,gassupply1,2060,A1,0,retrofit,gas
176,2055,R1,2030,windturbine,2055,A1,0,newcapa,power
177,2045,R1,2045,gassupply1,2045,A1,0,retrofit,gas
178,2060,R1,2050,gasboiler,2060,A1,0,retrofit,residential
179,2030,R1,2030,gasboiler,2030,A3,0,retrofit,residential
180,2035,R1,2035,gasboiler,2035,A1,0,retrofit,residential
181,2035,R1,2030,heatpump,2035,A1,0,retrofit,residential
182,2040,R1,2040,gasboiler,2040,A3,0,retrofit,residential
183,2060,R1,2025,windturbine,2060,A1,0,newcapa,power
184,2050,R1,2045,gasboiler,2050,A3,0,retrofit,residential
185,2050,R1,2045,gasboiler,2050,A1,0,retrofit,residential
186,2035,R1,2025,gasboiler,2035,A3,0,retrofit,residential
187,2030,R1,2025,windturbine,2030,A1,0,retrofit,power
188,2030,R1,2025,gasboiler,2030,A2,0,retrofit,residential
189,2055,R1,2050,gassupply2,2055,A1,0,retrofit,gas
190,2030,R1,2025,windturbine,2030,A1,0,newcapa,power
191,2025,R1,2025,gasboiler,2025,A3,0,retrofit,residential
192,2060,R1,2035,gassupply1,2060,A1,0,newcapa,gas
193,2030,R1,2025,gassupply1,2030,A1,0,retrofit,gas
194,2040,R1,2030,gassupply1,2040,A1,0,retrofit,gas
195,2045,R1,2025,windturbine,2045,A1,0,newcapa,power
196,2030,R1,2030,heatpump,2030,A2,0,retrofit,residential
197,2055,R1,2030,windturbine,2055,A1,0,retrofit,power
198,2060,R1,2030,windturbine,2060,A1,0,newcapa,power
199,2050,R1,2040,gasboiler,2050,A3,0,newcapa,residential
200,2025,R1,2025,windturbine,2025,A1,0,newcapa,power
201,2060,R1,2055,gasboiler,2060,A1,0,newcapa,residential
202,2045,R1,2025,gasboiler,2045,A3,0,retrofit,residential
203,2060,R1,2025,windturbine,2060,A1,0,newcapa,power
204,2060,R1,2025,gasboiler,2060,A1,0,newcapa,residential
205,2055,R1,2040,gasboiler,2055,A1,0,newcapa,residential
206,2050,R1,2025,gasboiler,2050,A2,0,retrofit,residential
207,2060,R1,2050,gasboiler,2060,A1,0,retrofit,residential
208,2030,R1,2025,gassupply1,2030,A1,0,newcapa,gas
209,2040,R1,2025,gasCCGT,2040,A1,0,newcapa,power
210,2055,R1,2025,gasboiler,2055,A1,0,retrofit,residential
211,2050,R1,2040,gasboiler,2050,A3,0,retrofit,residential
212,2030,R1,2025,gasboiler,2030,A1,0,retrofit,residential
213,2030,R1,2025,gasboiler,2030,A3,0,retrofit,residential
214,2050,R1,2040,gasboiler,2050,A1,0,retrofit,residential
215,2060,R1,2040,gasboiler,2060,A1,0,newcapa,residential
216,2035,R1,2030,heatpump,2035,A1,0,retrofit,residential
217,2030,R1,2025,gassupply1,2030,A1,0,retrofit,gas
218,2040,R1,2025,windturbine,2040,A1,0,retrofit,power
219,2055,R1,2035,gasboiler,2055,A1,0,newcapa,residential
220,2035,R1,2025,gasboiler,2035,A1,0,retrofit,residential
221,2035,R1,2025,windturbine,2035,A1,0,retrofit,power
222,2055,R1,2040,gasboiler,2055,A3,0,newcapa,residential
223,2035,R1,2025,gasCCGT,2035,A1,0,retrofit,power
224,2050,R1,2045,gasboiler,2050,A2,0,newcapa,residential
225,2050,R1,2025,gasboiler,2050,A1,0,retrofit,residential
226,2055,R1,2025,windturbine,2055,A1,0,newcapa,power
227,2025,R1,2025,heatpump,2025,A1,0,retrofit,residential
228,2055,R1,2045,gassupply1,2055,A1,0,retrofit,gas
229,2040,R1,2025,gasCCGT,2040,A1,0,retrofit,power
230,2050,R1,2040,gasboiler,2050,A2,0,newcapa,residential
231,2060,R1,2050,gasboiler,2060,A3,0,retrofit,residential
232,2060,R1,2055,gasboiler,2060,A3,0,retrofit,residential
233,2040,R1,2040,gasboiler,2040,A1,0,retrofit,residential
234,2025,R1,2025,heatpump,2025,A1,0,retrofit,residential
235,2060,R1,2025,gasCCGT,2060,A1,0,retrofit,power
236,2055,R1,2025,gasboiler,2055,A3,0,newcapa,residential
237,2040,R1,2030,gassupply1,2040,A1,0,retrofit,gas
238,2055,R1,2025,gasboiler,2055,A2,0,newcapa,residential
239,2045,R1,2045,gasboiler,2045,A2,0,newcapa,residential
240,2035,R1,2025,windturbine,2035,A1,0,retrofit,power
241,2030,R1,2025,gassupply1,2030,A1,0,newcapa,gas
242,2055,R1,2025,gasboiler,2055,A1,0,newcapa,residential
243,2040,R1,2040,gasboiler,2040,A1,0,retrofit,residential
244,2025,R1,2025,gasboiler,2025,A2,0,retrofit,residential
245,2045,R1,2035,gasboiler,2045,A3,0,retrofit,residential
246,2045,R1,2040,gasboiler,2045,A3,0,retrofit,residential
247,2035,R1,2035,gassupply1,2035,A1,0,retrofit,gas
248,2060,R1,2040,gassupply1,2060,A1,0,newcapa,gas
249,2050,R1,2035,gasboiler,2050,A3,0,newcapa,residential
250,2025,R1,2025,gasboiler,2025,A2,0,retrofit,residential
251,2040,R1,2030,heatpump,2040,A1,0,retrofit,residential
252,2055,R1,2055,gasboiler,2055,A3,0,retrofit,residential
253,2025,R1,2025,gasboiler,2025,A3,0,retrofit,residential
254,2060,R1,2045,gasboiler,2060,A2,0,newcapa,residential
255,2040,R1,2035,gasboiler,2040,A1,0,retrofit,residential
256,2055,R1,2045,gasboiler,2055,A1,0,newcapa,residential
257,2060,R1,2025,gasCCGT,2060,A1,0,newcapa,power
258,2045,R1,2035,gasboiler,2045,A1,0,retrofit,residential
259,2050,R1,2050,gassupply2,2050,A1,0,retrofit,gas
260,2060,R1,2060,gassupply2,2060,A1,0,retrofit,gas
261,2060,R1,2035,gasboiler,2060,A1,0,newcapa,residential
262,2055,R1,2030,windturbine,2055,A1,0,retrofit,power
263,2050,R1,2025,windturbine,2050,A1,0,newcapa,power
264,2035,R1,2030,heatpump,2035,A1,0,retrofit,residential
265,2055,R1,2035,gasboiler,2055,A3,0,newcapa,residential
266,2030,R1,2025,windturbine,2030,A1,0,newcapa,power
267,2055,R1,2030,windturbine,2055,A1,0,retrofit,power
268,2030,R1,2030,heatpump,2030,A1,0,newcapa,residential
269,2050,R1,2050,gassupply2,2050,A1,0,retrofit,gas
270,2025,R1,2025,gasboiler,2025,A3,0,newcapa,residential
271,2045,R1,2045,gassupply1,2045,A1,0,retrofit,gas
272,2060,R1,2050,gassupply2,2060,A1,0,retrofit,gas
273,2055,R1,2055,gasboiler,2055,A3,0,retrofit,residential
274,2045,R1,2045,gasboiler,2045,A1,0,newcapa,residential
275,2050,R1,2040,gasboiler,2050,A2,0,newcapa,residential
276,2055,R1,2030,windturbine,2055,A1,0,newcapa,power
277,2050,R1,2025,gasboiler,2050,A1,0,retrofit,residential
278,2055,R1,2050,gasboiler,2055,A2,0,retrofit,residential
279,2055,R1,2040,gasboiler,2055,A2,0,newcapa,residential
280,2055,R1,2045,gasboiler,2055,A1,0,retrofit,residential
281,2030,R1,2030,gasboiler,2030,A3,0,newcapa,residential
282,2060,R1,2050,gasboiler,2060,A3,0,newcapa,residential
283,2030,R1,2025,gassupply1,2030,A1,0,retrofit,gas
284,2050,R1,2025,gasboiler,2050,A2,0,newcapa,residential
285,2055,R1,2025,gasboiler,2055,A2,0,retrofit,residential
286,2045,R1,2030,windturbine,2045,A1,0,retrofit,power
287,2035,R1,2025,gasboiler,2035,A3,0,retrofit,residential
288,2060,R1,2040,gasboiler,2060,A2,0,newcapa,residential
289,2035,R1,2025,gasboiler,2035,A2,0,retrofit,residential
290,2040,R1,2035,gasboiler,2040,A3,0,retrofit,residential
291,2055,R1,2025,gasboiler,2055,A1,0,newcapa,residential
292,2045,R1,2045,gasboiler,2045,A2,0,retrofit,residential
293,2040,R1,2035,gasboiler,2040,A2,0,retrofit,residential
294,2045,R1,2045,gassupply1,2045,A1,0,newcapa,gas
295,2050,R1,2045,gasboiler,2050,A2,0,newcapa,residential
296,2025,R1,2025,windturbine,2025,A1,0,retrofit,power
297,2060,R1,2030,windturbine,2060,A1,0,newcapa,power
298,2035,R1,2025,gasboiler,2035,A2,0,retrofit,residential
299,2025,R1,2025,gasboiler,2025,A1,0,retrofit,residential
300,2050,R1,2030,windturbine,2050,A1,0,newcapa,power
301,2055,R1,2055,gasboiler,2055,A2,0,retrofit,residential
302,2055,R1,2050,gasboiler,2055,A1,0,newcapa,residential
303,2060,R1,2055,gassupply1,2060,A1,0,retrofit,gas
304,2035,R1,2035,gasboiler,2035,A2,0,newcapa,residential
305,2025,R1,2025,gasCCGT,2025,A1,0,retrofit,power
306,2030,R1,2025,gassupply1,2030,A1,0,retrofit,gas
307,2050,R1,2045,gasboiler,2050,A1,0,newcapa,residential
308,2040,R1,2040,gasboiler,2040,A1,0,retrofit,residential
309,2030,R1,2025,gasboiler,2030,A1,0,retrofit,residential
310,2055,R1,2055,gassupply1,2055,A1,0,retrofit,gas
311,2050,R1,2045,gassupply1,2050,A1,0,retrofit,gas
312,2025,R1,2025,gasboiler,2025,A2,0,newcapa,residential
313,2060,R1,2025,windturbine,2060,A1,0,newcapa,power
314,2025,R1,2025,gasboiler,2025,A2,0,retrofit,residential
315,2060,R1,2055,gasboiler,2060,A2,0,newcapa,residential
316,2055,R1,2040,gasboiler,2055,A2,0,newcapa,residential
317,2040,R1,2035,gasboiler,2040,A2,0,retrofit,residential
318,2045,R1,2045,gasboiler,2045,A3,0,retrofit,residential
319,2055,R1,2055,gasboiler,2055,A1,0,retrofit,residential
320,2025,R1,2025,gasboiler,2025,A1,0,retrofit,residential
321,2045,R1,2045,gasboiler,2045,A1,0,newcapa,residential
322,2040,R1,2040,gassupply1,2040,A1,0,retrofit,gas
323,2040,R1,2040,gasboiler,2040,A2,0,retrofit,residential
324,2060,R1,2035,gasboiler,2060,A2,0,newcapa,residential
325,2030,R1,2025,heatpump,2030,A1,0,retrofit,residential
326,2030,R1,2025,heatpump,2030,A1,0,retrofit,residential
327,2055,R1,2050,gassupply1,2055,A1,0,retrofit,gas
328,2060,R1,2055,gasboiler,2060,A2,0,retrofit,residential
329,2030,R1,2025,windturbine,2030,A1,0,newcapa,power
330,2030,R1,2030,heatpump,2030,A2,0,newcapa,residential
331,2040,R1,2040,gasboiler,2040,A1,0,newcapa,residential
332,2060,R1,2025,gasboiler,2060,A2,0,newcapa,residential
333,2040,R1,2030,heatpump,2040,A1,0,retrofit,residential
334,2060,R1,2055,gassupply1,2060,A1,0,newcapa,gas
335,2035,R1,2035,gasboiler,2035,A1,0,retrofit,residential
336,2040,R1,2040,gasboiler,2040,A2,0,retrofit,residential
337,2060,R1,2055,gasboiler,2060,A3,0,newcapa,residential
338,2060,R1,2050,gasboiler,2060,A3,0,newcapa,residential
339,2050,R1,2035,gasboiler,2050,A1,0,newcapa,residential
340,2055,R1,2025,gasboiler,2055,A1,0,retrofit,residential
341,2030,R1,2025,gasboiler,2030,A1,0,retrofit,residential
342,2055,R1,2050,gasboiler,2055,A3,0,newcapa,residential
343,2035,R1,2030,gasboiler,2035,A3,0,retrofit,residential
344,2035,R1,2025,gasCCGT,2035,A1,0,newcapa,power
345,2055,R1,2030,windturbine,2055,A1,0,retrofit,power
346,2035,R1,2030,windturbine,2035,A1,0,retrofit,power
347,2045,R1,2030,windturbine,2045,A1,0,newcapa,power
348,2050,R1,2025,gasboiler,2050,A2,0,newcapa,residential
349,2035,R1,2025,gasboiler,2035,A2,0,retrofit,residential
350,2035,R1,2035,gassupply1,2035,A1,0,retrofit,gas
351,2025,R1,2025,windturbine,2025,A1,0,retrofit,power
352,2045,R1,2035,gassupply1,2045,A1,0,retrofit,gas
353,2050,R1,2045,gasboiler,2050,A3,0,retrofit,residential
354,2035,R1,2025,windturbine,2035,A1,0,newcapa,power
355,2030,R1,2030,gassupply1,2030,A1,0,retrofit,gas
356,2050,R1,2035,gasboiler,2050,A1,0,newcapa,residential
357,2045,R1,2040,gasboiler,2045,A1,0,retrofit,residential
358,2050,R1,2045,gasboiler,2050,A3,0,newcapa,residential
359,2035,R1,2025,gassupply1,2035,A1,0,retrofit,gas
360,2030,R1,2025,gasboiler,2030,A1,0,retrofit,residential
361,2055,R1,2045,gasboiler,2055,A1,0,retrofit,residential
362,2055,R1,2035,gasboiler,2055,A2,0,newcapa,residential
363,2035,R1,2025,gassupply1,2035,A1,0,retrofit,gas
364,2040,R1,2040,gasboiler,2040,A3,0,newcapa,residential
365,2050,R1,2045,gasboiler,2050,A3,0,newcapa,residential
366,2050,R1,2030,windturbine,2050,A1,0,newcapa,power
367,2050,R1,2040,gassupply1,2050,A1,0,newcapa,gas
368,2040,R1,2035,gassupply1,2040,A1,0,retrofit,gas
369,2060,R1,2050,gassupply2,2060,A1,0,newcapa,gas
370,2040,R1,2035,gasboiler,2040,A1,0,retrofit,residential
371,2050,R1,2025,windturbine,2050,A1,0,newcapa,power
372,2035,R1,2035,gassupply1,2035,A1,0,retrofit,gas
373,2030,R1,2025,gasCCGT,2030,A1,0,retrofit,power
374,2030,R1,2025,gasboiler,2030,A2,0,retrofit,residential
375,2030,R1,2025,gasboiler,2030,A3,0,retrofit,residential
376,2050,R1,2045,gasboiler,2050,A3,0,newcapa,residential
377,2050,R1,2045,gasboiler,2050,A2,0,retrofit,residential
378,2055,R1,2050,gasboiler,2055,A2,0,retrofit,residential
379,2040,R1,2035,gasboiler,2040,A1,0,retrofit,residential
380,2060,R1,2025,gasboiler,2060,A2,0,retrofit,residential
381,2040,R1,2040,gasboiler,2040,A1,0,newcapa,residential
382,2045,R1,2025,gasboiler,2045,A1,0,retrofit,residential
383,2030,R1,2030,windturbine,2030,A1,0,retrofit,power
384,2050,R1,2025,gasboiler,2050,A3,0,newcapa,residential
385,2060,R1,2025,gasboiler,2060,A3,0,newcapa,residential
386,2050,R1,2040,gasboiler,2050,A1,0,newcapa,residential
387,2050,R1,2040,gassupply1,2050,A1,0,newcapa,gas
388,2025,R1,2025,gassupply1,2025,A1,0,retrofit,gas
389,2060,R1,2035,gasboiler,2060,A3,0,newcapa,residential
390,2050,R1,2045,gasboiler,2050,A2,0,newcapa,residential
391,2045,R1,2040,gasboiler,2045,A3,0,retrofit,residential
392,2045,R1,2045,gasboiler,2045,A3,0,retrofit,residential
393,2055,R1,2050,gasboiler,2055,A3,0,retrofit,residential
394,2030,R1,2030,gasboiler,2030,A3,0,retrofit,residential
395,2045,R1,2030,windturbine,2045,A1,0,newcapa,power
396,2050,R1,2025,gasboiler,2050,A3,0,retrofit,residential
397,2040,R1,2040,gassupply1,2040,A1,0,newcapa,gas
398,2040,R1,2025,gasCCGT,2040,A1,0,retrofit,power
399,2045,R1,2025,windturbine,2045,A1,0,retrofit,power
400,2050,R1,2025,gasboiler,2050,A2,0,newcapa,residential
401,2040,R1,2035,gasboiler,2040,A2,0,retrofit,residential
402,2050,R1,2045,gasboiler,2050,A1,0,newcapa,residential
403,2035,R1,2030,windturbine,2035,A1,0,newcapa,power
404,2045,R1,2025,gasboiler,2045,A3,0,retrofit,residential
405,2045,R1,2045,gasboiler,2045,A2,0,retrofit,residential
406,2050,R1,2045,gasboiler,2050,A2,0,retrofit,residential
407,2040,R1,2025,windturbine,2040,A1,0,retrofit,power
408,2055,R1,2025,gasboiler,2055,A2,0,retrofit,residential
409,2045,R1,2040,gassupply1,2045,A1,0,retrofit,gas
410,2060,R1,2050,gassupply1,2060,A1,0,retrofit,gas
411,2040,R1,2030,gassupply1,2040,A1,0,retrofit,gas
412,2035,R1,2035,gasboiler,2035,A2,0,newcapa,residential
413,2050,R1,2035,gassupply1,2050,A1,0,newcapa,gas
414,2050,R1,2025,gasCCGT,2050,A1,0,newcapa,power
415,2060,R1,2040,gassupply1,2060,A1,0,newcapa,gas
416,2055,R1,2050,gassupply2,2055,A1,0,retrofit,gas
417,2055,R1,2030,windturbine,2055,A1,0,newcapa,power
418,2030,R1,2030,heatpump,2030,A1,0,newcapa,residential
419,2055,R1,2025,windturbine,2055,A1,0,newcapa,power
420,2055,R1,2050,gasboiler,2055,A3,0,newcapa,residential
421,2040,R1,2040,gasboiler,2040,A3,0,retrofit,residential
422,2050,R1,2030,windturbine,2050,A1,0,retrofit,power
423,2055,R1,2055,gassupply1,2055,A1,0,retrofit,gas
424,2055,R1,2050,gasboiler,2055,A1,0,newcapa,residential
425,2050,R1,2050,gassupply2,2050,A1,0,retrofit,gas
426,2055,R1,2050,gasboiler,2055,A3,0,retrofit,residential
427,2035,R1,2025,windturbine,2035,A1,0,newcapa,power
428,2025,R1,2025,gasCCGT,2025,A1,0,retrofit,power
429,2060,R1,2055,gassupply1,2060,A1,0,newcapa,gas
430,2040,R1,2025,gasboiler,2040,A1,0,retrofit,residential
431,2025,R1,2025,gasboiler,2025,A3,0,retrofit,residential
432,2030,R1,2025,gasboiler,2030,A2,0,retrofit,residential
433,2050,R1,2045,gasboiler,2050,A2,0,newcapa,residential
434,2030,R1,2030,gassupply1,2030,A1,0,retrofit,gas
435,2045,R1,2025,gasboiler,2045,A1,0,retrofit,residential
436,2060,R1,2055,gasboiler,2060,A2,0,newcapa,residential
437,2035,R1,2025,gasboiler,2035,A1,0,retrofit,residential
438,2050,R1,2040,gasboiler,2050,A2,0,retrofit,residential
439,2060,R1,2055,gasboiler,2060,A2,0,newcapa,residential
440,2060,R1,2045,gassupply1,2060,A1,0,newcapa,gas
441,2055,R1,2025,gasboiler,2055,A3,0,newcapa,residential
442,2040,R1,2030,windturbine,2040,A1,0,newcapa,power
443,2045,R1,2025,gasboiler,2045,A1,0,retrofit,residential
444,2025,R1,2025,gassupply1,2025,A1,0,newcapa,gas
445,2045,R1,2025,gasCCGT,2045,A1,0,retrofit,power
446,2035,R1,2025,gassupply1,2035,A1,0,retrofit,gas
447,2040,R1,2040,gassupply1,2040,A1,0,newcapa,gas
448,2060,R1,2055,gasboiler,2060,A3,0,newcapa,residential
449,2045,R1,2025,gasCCGT,2045,A1,0,newcapa,power
450,2050,R1,2025,gasboiler,2050,A3,0,retrofit,residential
451,2055,R1,2050,gasboiler,2055,A1,0,newcapa,residential
452,2035,R1,2025,gasboiler,2035,A1,0,retrofit,residential
453,2050,R1,2050,gasboiler,2050,A1,0,retrofit,residential
454,2050,R1,2045,gasboiler,2050,A2,0,retrofit,residential
455,2050,R1,2025,windturbine,2050,A1,0,newcapa,power
456,2030,R1,2030,windturbine,2030,A1,0,retrofit,power
457,2050,R1,2025,gasboiler,2050,A1,0,retrofit,residential
458,2060,R1,2025,gasboiler,2060,A1,0,retrofit,residential
459,2060,R1,2060,gasboiler,2060,A2,0,retrofit,residential
460,2055,R1,2045,gassupply1,2055,A1,0,newcapa,gas
461,2045,R1,2030,windturbine,2045,A1,0,retrofit,power
462,2060,R1,2055,gasboiler,2060,A3,0,retrofit,residential
463,2055,R1,2030,windturbine,2055,A1,0,newcapa,power
464,2050,R1,2035,gasboiler,2050,A2,0,newcapa,residential
465,2035,R1,2035,gasboiler,2035,A1,0,newcapa,residential
466,2060,R1,2025,gasboiler,2060,A3,0,newcapa,residential
467,2055,R1,2040,gassupply1,2055,A1,0,newcapa,gas
468,2050,R1,2025,gasboiler,2050,A1,0,newcapa,residential
469,2050,R1,2045,gasboiler,2050,A3,0,retrofit,residential
470,2050,R1,2025,windturbine,2050,A1,0,newcapa,power
471,2035,R1,2035,gasboiler,2035,A1,0,retrofit,residential
472,2045,R1,2045,gasboiler,2045,A3,0,retrofit,residential
473,2040,R1,2025,gasboiler,2040,A3,0,retrofit,residential
474,2060,R1,2055,gassupply1,2060,A1,0,retrofit,gas
475,2035,R1,2035,gasboiler,2035,A2,0,newcapa,residential
476,2045,R1,2025,gasCCGT,2045,A1,0,newcapa,power
477,2040,R1,2030,heatpump,2040,A2,0,retrofit,residential
478,2045,R1,2025,gasboiler,2045,A3,0,retrofit,residential
479,2030,R1,2030,heatpump,2030,A2,0,newcapa,residential
480,2030,R1,2025,windturbine,2030,A1,0,newcapa,power
481,2030,R1,2030,heatpump,2030,A2,0,newcapa,residential
482,2035,R1,2030,gassupply1,2035,A1,0,retrofit,gas
483,2030,R1,2025,gasboiler,2030,A3,0,retrofit,residential
484,2050,R1,2025,gasCCGT,2050,A1,0,newcapa,power
485,2050,R1,2035,gasboiler,2050,A1,0,newcapa,residential
486,2055,R1,2055,gasboiler,2055,A2,0,retrofit,residential
487,2055,R1,2035,gasboiler,2055,A2,0,newcapa,residential
488,2035,R1,2030,heatpump,2035,A2,0,retrofit,residential
489,2025,R1,2025,windturbine,2025,A1,0,retrofit,power
490,2045,R1,2025,gasCCGT,2045,A1,0,newcapa,power
491,2060,R1,2035,gasboiler,2060,A1,0,newcapa,residential
492,2055,R1,2050,gassupply2,2055,A1,0,retrofit,gas
493,2025,R1,2025,gasboiler,2025,A1,0,newcapa,residential
494,2060,R1,2050,gasboiler,2060,A1,0,newcapa,residential
495,2035,R1,2035,gasboiler,2035,A3,0,retrofit,residential
496,2030,R1,2030,heatpump,2030,A1,0,retrofit,residential
497,2030,R1,2030,gasboiler,2030,A3,0,newcapa,residential
498,2055,R1,2050,gasboiler,2055,A1,0,retrofit,residential
499,2060,R1,2035,gassupply1,2060,A1,0,newcapa,gas
500,2025,R1,2025,gasboiler,2025,A3,0,newcapa,residential
501,2060,R1,2050,gasboiler,2060,A2,0,newcapa,residential
502,2055,R1,2025,gasCCGT,2055,A1,0,retrofit,power
503,2055,R1,2050,gassupply1,2055,A1,0,newcapa,gas
504,2030,R1,2030,windturbine,2030,A1,0,retrofit,power
505,2030,R1,2025,gassupply1,2030,A1,0,newcapa,gas
506,2045,R1,2040,gasboiler,2045,A1,0,retrofit,residential
507,2060,R1,2060,gassupply2,2060,A1,0,retrofit,gas
508,2040,R1,2035,gasboiler,2040,A2,0,retrofit,residential
509,2050,R1,2030,windturbine,2050,A1,0,newcapa,power
510,2040,R1,2025,windturbine,2040,A1,0,newcapa,power
511,2045,R1,2030,windturbine,2045,A1,0,newcapa,power
512,2060,R1,2060,gasboiler,2060,A2,0,retrofit,residential
513,2040,R1,2025,windturbine,2040,A1,0,retrofit,power
514,2060,R1,2060,gassupply1,2060,A1,0,retrofit,gas
515,2040,R1,2040,gasboiler,2040,A3,0,retrofit,residential
516,2040,R1,2040,gasboiler,2040,A1,0,retrofit,residential
517,2060,R1,2050,gasboiler,2060,A3,0,retrofit,residential
518,2040,R1,2030,heatpump,2040,A1,0,retrofit,residential
519,2040,R1,2035,gasboiler,2040,A1,0,retrofit,residential
520,2045,R1,2035,gasboiler,2045,A2,0,retrofit,residential
521,2050,R1,2040,gassupply1,2050,A1,0,retrofit,gas
522,2055,R1,2025,gasboiler,2055,A1,0,newcapa,residential
523,2060,R1,2055,gasboiler,2060,A3,0,newcapa,residential
524,2030,R1,2025,gasboiler,2030,A1,0,retrofit,residential
525,2050,R1,2040,gassupply1,2050,A1,0,retrofit,gas
526,2060,R1,2025,gasboiler,2060,A2,0,newcapa,residential
527,2055,R1,2050,gasboiler,2055,A3,0,retrofit,residential
528,2050,R1,2035,gasboiler,2050,A3,0,newcapa,residential
529,2050,R1,2040,gasboiler,2050,A2,0,retrofit,residential
530,2035,R1,2030,gasboiler,2035,A3,0,retrofit,residential
531,2060,R1,2035,gasboiler,2060,A2,0,newcapa,residential
532,2055,R1,2040,gasboiler,2055,A3,0,newcapa,residential
533,2060,R1,2055,gasboiler,2060,A1,0,retrofit,residential
534,2025,R1,2025,gasboiler,2025,A1,0,retrofit,residential
535,2055,R1,2025,gasboiler,2055,A2,0,newcapa,residential
536,2060,R1,2035,gasboiler,2060,A3,0,newcapa,residential
537,2025,R1,2025,windturbine,2025,A1,0,retrofit,power
538,2060,R1,2050,gasboiler,2060,A2,0,newcapa,residential
539,2035,R1,2035,gassupply1,2035,A1,0,newcapa,gas
540,2050,R1,2045,gassupply1,2050,A1,0,newcapa,gas
541,2060,R1,2050,gassupply1,2060,A1,0,retrofit,gas
542,2060,R1,2025,windturbine,2060,A1,0,newcapa,power
543,2060,R1,2050,gasboiler,2060,A3,0,newcapa,residential
544,2050,R1,2050,gassupply1,2050,A1,0,retrofit,gas
545,2050,R1,2025,windturbine,2050,A1,0,newcapa,power
546,2040,R1,2030,heatpump,2040,A2,0,retrofit,residential
547,2060,R1,2050,gasboiler,2060,A2,0,retrofit,residential
548,2045,R1,2045,gasboiler,2045,A3,0,retrofit,residential
549,2050,R1,2040,gassupply1,2050,A1,0,retrofit,gas
550,2055,R1,2040,gasboiler,2055,A1,0,newcapa,residential
551,2035,R1,2035,gassupply1,2035,A1,0,retrofit,gas
552,2055,R1,2025,gasboiler,2055,A3,0,retrofit,residential
553,2030,R1,2025,gasboiler,2030,A2,0,retrofit,residential
554,2055,R1,2040,gassupply1,2055,A1,0,newcapa,gas
555,2035,R1,2035,gasboiler,2035,A3,0,newcapa,residential
556,2055,R1,2050,gassupply1,2055,A1,0,newcapa,gas
557,2050,R1,2040,gasboiler,2050,A2,0,retrofit,residential
558,2060,R1,2050,gasboiler,2060,A2,0,newcapa,residential
559,2025,R1,2025,gasboiler,2025,A2,0,newcapa,residential
560,2055,R1,2035,gassupply1,2055,A1,0,newcapa,gas
561,2050,R1,2025,gasboiler,2050,A2,0,retrofit,residential
562,2025,R1,2025,gassupply1,2025,A1,0,retrofit,gas
563,2060,R1,2035,gasboiler,2060,A2,0,newcapa,residential
564,2060,R1,2025,gasCCGT,2060,A1,0,retrofit,power
565,2040,R1,2030,windturbine,2040,A1,0,newcapa,power
566,2045,R1,2040,gasboiler,2045,A2,0,retrofit,residential
567,2055,R1,2045,gasboiler,2055,A3,0,retrofit,residential
568,2060,R1,2060,gasboiler,2060,A2,0,retrofit,residential
569,2045,R1,2025,windturbine,2045,A1,0,newcapa,power
570,2030,R1,2025,gasboiler,2030,A2,0,retrofit,residential
571,2045,R1,2025,gasboiler,2045,A2,0,retrofit,residential
572,2055,R1,2025,gasboiler,2055,A3,0,newcapa,residential
573,2045,R1,2045,gasboiler,2045,A2,0,retrofit,residential
574,2045,R1,2045,gasboiler,2045,A3,0,newcapa,residential
575,2055,R1,2050,gasboiler,2055,A3,0,retrofit,residential
576,2055,R1,2045,gasboiler,2055,A1,0,newcapa,residential
577,2050,R1,2035,gasboiler,2050,A3,0,newcapa,residential
578,2030,R1,2025,gasboiler,2030,A2,0,retrofit,residential
579,2060,R1,2050,gasboiler,2060,A2,0,newcapa,residential
580,2055,R1,2045,gasboiler,2055,A2,0,newcapa,residential
581,2030,R1,2025,gassupply1,2030,A1,0,retrofit,gas
582,2060,R1,2050,gassupply1,2060,A1,0,retrofit,gas
583,2040,R1,2040,gasboiler,2040,A3,0,newcapa,residential
584,2055,R1,2025,gasboiler,2055,A3,0,newcapa,residential
585,2060,R1,2045,gasboiler,2060,A1,0,newcapa,residential
586,2030,R1,2030,gasboiler,2030,A3,0,newcapa,residential
587,2055,R1,2045,gassupply1,2055,A1,0,newcapa,gas
588,2055,R1,2045,gassupply1,2055,A1,0,newcapa,gas
589,2055,R1,2055,gasboiler,2055,A3,0,retrofit,residential
590,2060,R1,2025,gasboiler,2060,A1,0,retrofit,residential
591,2050,R1,2025,gasboiler,2050,A2,0,retrofit,residential
592,2060,R1,2045,gasboiler,2060,A1,0,newcapa,residential
593,2025,R1,2025,heatpump,2025,A1,0,retrofit,residential
594,2060,R1,2055,gasboiler,2060,A2,0,newcapa,residential
595,2025,R1,2025,windturbine,2025,A1,0,newcapa,power
596,2060,R1,2060,gasboiler,2060,A3,0,retrofit,residential
597,2060,R1,2055,gasboiler,2060,A2,0,retrofit,residential
598,2030,R1,2030,gasboiler,2030,A3,0,retrofit,residential
599,2040,R1,2040,gasboiler,2040,A3,0,newcapa,residential
600,2055,R1,2035,gassupply1,2055,A1,0,newcapa,gas
601,2040,R1,2025,gasboiler,2040,A2,0,retrofit,residential
602,2055,R1,2045,gassupply1,2055,A1,0,newcapa,gas
603,2055,R1,2040,gasboiler,2055,A1,0,newcapa,residential
604,2045,R1,2035,gasboiler,2045,A2,0,retrofit,residential
605,2050,R1,2035,gasboiler,2050,A2,0,newcapa,residential
606,2055,R1,2055,gasboiler,2055,A1,0,retrofit,residential
607,2055,R1,2045,gassupply1,2055,A1,0,retrofit,gas
608,2050,R1,2045,gasboiler,2050,A3,0,retrofit,residential
609,2055,R1,2045,gasboiler,2055,A3,0,newcapa,residential
610,2045,R1,2025,gasboiler,2045,A1,0,retrofit,residential
611,2030,R1,2030,heatpump,2030,A2,0,retrofit,residential
612,2030,R1,2025,windturbine,2030,A1,0,retrofit,power
613,2045,R1,2035,gassupply1,2045,A1,0,retrofit,gas
614,2050,R1,2035,gasboiler,2050,A2,0,newcapa,residential
615,2045,R1,2025,windturbine,2045,A1,0,retrofit,power
616,2040,R1,2030,gassupply1,2040,A1,0,retrofit,gas
617,2025,R1,2025,gasCCGT,2025,A1,0,newcapa,power
618,2050,R1,2050,gasboiler,2050,A1,0,retrofit,residential
619,2035,R1,2035,gassupply1,2035,A1,0,newcapa,gas
620,2030,R1,2025,windturbine,2030,A1,0,retrofit,power
621,2060,R1,2060,gassupply1,2060,A1,0,retrofit,gas
622,2040,R1,2040,gasboiler,2040,A2,0,retrofit,residential
623,2055,R1,2045,gasboiler,2055,A2,0,retrofit,residential
624,2030,R1,2025,windturbine,2030,A1,0,retrofit,power
625,2030,R1,2025,gassupply1,2030,A1,0,newcapa,gas
626,2055,R1,2045,gasboiler,2055,A1,0,newcapa,residential
627,2035,R1,2035,gasboiler,2035,A1,0,retrofit,residential
628,2030,R1,2025,gasboiler,2030,A3,0,retrofit,residential
629,2035,R1,2030,windturbine,2035,A1,0,newcapa,power
630,2055,R1,2035,gasboiler,2055,A3,0,newcapa,residential
631,2055,R1,2050,gasboiler,2055,A3,0,newcapa,residential
632,2045,R1,2035,gasboiler,2045,A2,0,retrofit,residential
633,2060,R1,2060,gasboiler,2060,A1,0,retrofit,residential
634,2050,R1,2040,gasboiler,2050,A3,0,newcapa,residential
635,2060,R1,2045,gasboiler,2060,A3,0,newcapa,residential
636,2030,R1,2025,heatpump,2030,A1,0,retrofit,residential
637,2045,R1,2025,windturbine,2045,A1,0,retrofit,power
638,2045,R1,2035,gasboiler,2045,A3,0,retrofit,residential
639,2060,R1,2045,gasboiler,2060,A1,0,newcapa,residential
640,2060,R1,2050,gassupply2,2060,A1,0,newcapa,gas
641,2040,R1,2025,gasCCGT,2040,A1,0,newcapa,power
642,2040,R1,2025,gasCCGT,2040,A1,0,newcapa,power
643,2035,R1,2030,heatpump,2035,A2,0,retrofit,residential
644,2050,R1,2045,gasboiler,2050,A1,0,retrofit,residential
645,2040,R1,2035,gassupply1,2040,A1,0,retrofit,gas
646,2060,R1,2035,gasboiler,2060,A3,0,newcapa,residential
647,2055,R1,2040,gasboiler,2055,A3,0,newcapa,residential
648,2030,R1,2030,gasboiler,2030,A3,0,retrofit,residential
649,2060,R1,2055,gasboiler,2060,A2,0,retrofit,residential
650,2055,R1,2050,gassupply2,2055,A1,0,retrofit,gas
651,2040,R1,2025,gasboiler,2040,A3,0,retrofit,residential
652,2055,R1,2040,gasboiler,2055,A2,0,newcapa,residential
653,2045,R1,2025,gasboiler,2045,A2,0,retrofit,residential
654,2035,R1,2025,gasboiler,2035,A1,0,retrofit,residential
655,2040,R1,2040,gassupply1,2040,A1,0,newcapa,gas
656,2035,R1,2030,heatpump,2035,A2,0,retrofit,residential
657,2045,R1,2035,gasboiler,2045,A2,0,retrofit,residential
658,2060,R1,2040,gasboiler,2060,A1,0,newcapa,residential
659,2045,R1,2025,gasboiler,2045,A2,0,retrofit,residential
660,2035,R1,2035,gasboiler,2035,A3,0,retrofit,residential
661,2055,R1,2035,gasboiler,2055,A3,0,newcapa,residential
662,2060,R1,2050,gassupply1,2060,A1,0,newcapa,gas
663,2025,R1,2025,windturbine,2025,A1,0,newcapa,power
664,2055,R1,2025,gasboiler,2055,A2,0,retrofit,residential
665,2050,R1,2025,windturbine,2050,A1,0,retrofit,power
666,2030,R1,2025,gasboiler,2030,A3,0,retrofit,residential
667,2030,R1,2025,gassupply1,2030,A1,0,newcapa,gas
668,2035,R1,2030,gassupply1,2035,A1,0,retrofit,gas
669,2030,R1,2025,gasboiler,2030,A2,0,retrofit,residential
670,2030,R1,2030,windturbine,2030,A1,0,retrofit,power
671,2055,R1,2040,gasboiler,2055,A3,0,newcapa,residential
672,2050,R1,2040,gasboiler,2050,A2,0,newcapa,residential
673,2055,R1,2030,windturbine,2055,A1,0,retrofit,power
674,2040,R1,2040,gasboiler,2040,A1,0,newcapa,residential
675,2050,R1,2045,gasboiler,2050,A3,0,newcapa,residential
676,2035,R1,2025,windturbine,2035,A1,0,retrofit,power
677,2060,R1,2035,gasboiler,2060,A1,0,newcapa,residential
678,2050,R1,2025,gasboiler,2050,A1,0,newcapa,residential
679,2025,R1,2025,gasboiler,2025,A2,0,newcapa,residential
680,2025,R1,2025,gasboiler,2025,A1,0,retrofit,residential
681,2040,R1,2025,windturbine,2040,A1,0,newcapa,power
682,2025,R1,2025,gasboiler,2025,A2,0,newcapa,residential
683,2060,R1,2060,gasboiler,2060,A1,0,retrofit,residential
684,2040,R1,2025,windturbine,2040,A1,0,newcapa,power
685,2050,R1,2030,windturbine,2050,A1,0,newcapa,power
686,2055,R1,2055,gasboiler,2055,A2,0,retrofit,residential
687,2060,R1,2035,gasboiler,2060,A2,0,newcapa,residential
688,2060,R1,2025,windturbine,2060,A1,0,newcapa,power
689,2060,R1,2035,gasboiler,2060,A2,0,newcapa,residential
690,2055,R1,2025,gasboiler,2055,A3,0,retrofit,residential
691,2060,R1,2050,gasboiler,2060,A2,0,retrofit,residential
692,2025,R1,2025,gasCCGT,2025,A1,0,newcapa,power
693,2050,R1,2040,gassupply1,2050,A1,0,newcapa,gas
694,2050,R1,2040,gasboiler,2050,A1,0,retrofit,residential
695,2060,R1,2055,gassupply1,2060,A1,0,retrofit,gas
696,2040,R1,2025,gasCCGT,2040,A1,0,newcapa,power
697,2060,R1,2025,gasboiler,2060,A2,0,newcapa,residential
698,2040,R1,2035,gasboiler,2040,A3,0,retrofit,residential
699,2025,R1,2025,gasboiler,2025,A1,0,retrofit,residential
700,2035,R1,2035,gasboiler,2035,A3,0,newcapa,residential
701,2030,R1,2025,gasboiler,2030,A1,0,retrofit,residential
702,2035,R1,2025,gasboiler,2035,A1,0,retrofit,residential
703,2055,R1,2025,gasCCGT,2055,A1,0,newcapa,power
704,2025,R1,2025,gasboiler,2025,A3,0,retrofit,residential
705,2040,R1,2025,gasboiler,2040,A1,0,retrofit,residential
706,2050,R1,2040,gasboiler,2050,A1,0,retrofit,residential
707,2050,R1,2045,gasboiler,2050,A1,0,retrofit,residential
708,2055,R1,2050,gasboiler,2055,A3,0,newcapa,residential
709,2060,R1,2045,gassupply1,2060,A1,0,newcapa,gas
710,2045,R1,2035,gassupply1,2045,A1,0,retrofit,gas
711,2055,R1,2045,gasboiler,2055,A1,0,retrofit,residential
712,2060,R1,2055,gassupply1,2060,A1,0,newcapa,gas
713,2050,R1,2025,gasCCGT,2050,A1,0,retrofit,power
714,2040,R1,2040,gasboiler,2040,A2,0,retrofit,residential
715,2060,R1,2025,gasboiler,2060,A3,0,retrofit,residential
716,2030,R1,2025,gasboiler,2030,A1,0,retrofit,residential
717,2040,R1,2035,gasboiler,2040,A3,0,retrofit,residential
718,2060,R1,2050,gassupply2,2060,A1,0,retrofit,gas
719,2060,R1,2055,gasboiler,2060,A1,0,newcapa,residential
720,2050,R1,2040,gasboiler,2050,A1,0,retrofit,residential
721,2050,R1,2040,gasboiler,2050,A1,0,retrofit,residential
722,2035,R1,2025,gasCCGT,2035,A1,0,newcapa,power
723,2040,R1,2030,heatpump,2040,A1,0,retrofit,residential
724,2025,R1,2025,windturbine,2025,A1,0,newcapa,power
725,2060,R1,2050,gassupply1,2060,A1,0,newcapa,gas
726,2030,R1,2025,gassupply1,2030,A1,0,newcapa,gas
727,2060,R1,2045,gasboiler,2060,A1,0,newcapa,residential
728,2050,R1,2030,windturbine,2050,A1,0,newcapa,power
729,2055,R1,2050,gasboiler,2055,A1,0,retrofit,residential
730,2050,R1,2040,gasboiler,2050,A3,0,newcapa,residential
731,2025,R1,2025,gasboiler,2025,A3,0,newcapa,residential
732,2025,R1,2025,gassupply1,2025,A1,0,retrofit,gas
733,2055,R1,2025,gasCCGT,2055,A1,0,retrofit,power
734,2060,R1,2025,windturbine,2060,A1,0,newcapa,power
735,2060,R1,2055,gasboiler,2060,A3,0,newcapa,residential
736,2030,R1,2030,heatpump,2030,A1,0,newcapa,residential
737,2060,R1,2040,gasboiler,2060,A3,0,newcapa,residential
738,2060,R1,2060,gasboiler,2060,A3,0,retrofit,residential
739,2050,R1,2025,windturbine,2050,A1,0,newcapa,power
740,2060,R1,2045,gasboiler,2060,A3,0,newcapa,residential
741,2055,R1,2055,gasboiler,2055,A2,0,retrofit,residential
742,2055,R1,2045,gasboiler,2055,A3,0,newcapa,residential
743,2035,R1,2035,gasboiler,2035,A2,0,newcapa,residential
744,2055,R1,2055,gassupply1,2055,A1,0,retrofit,gas
745,2055,R1,2055,gassupply1,2055,A1,0,retrofit,gas
746,2050,R1,2040,gasboiler,2050,A3,0,retrofit,residential
747,2035,R1,2025,windturbine,2035,A1,0,newcapa,power
748,2030,R1,2025,windturbine,2030,A1,0,newcapa,power
749,2060,R1,2040,gasboiler,2060,A3,0,newcapa,residential
750,2025,R1,2025,gassupply1,2025,A1,0,newcapa,gas
751,2050,R1,2025,windturbine,2050,A1,0,retrofit,power
752,2060,R1,2060,gasboiler,2060,A1,0,retrofit,residential
753,2040,R1,2035,gasboiler,2040,A1,0,retrofit,residential
754,2030,R1,2030,heatpump,2030,A2,0,retrofit,residential
755,2040,R1,2040,gasboiler,2040,A3,0,newcapa,residential
756,2060,R1,2050,gassupply2,2060,A1,0,newcapa,gas
757,2025,R1,2025,gasboiler,2025,A1,0,newcapa,residential
758,2025,R1,2025,windturbine,2025,A1,0,retrofit,power
759,2060,R1,2035,gasboiler,2060,A3,0,newcapa,residential
760,2025,R1,2025,windturbine,2025,A1,0,retrofit,power
761,2060,R1,2040,gasboiler,2060,A2,0,newcapa,residential
762,2055,R1,2035,gasboiler,2055,A3,0,newcapa,residential
763,2055,R1,2055,gasboiler,2055,A3,0,retrofit,residential
764,2055,R1,2035,gassupply1,2055,A1,0,newcapa,gas
765,2035,R1,2025,gasboiler,2035,A1,0,retrofit,residential
766,2030,R1,2030,heatpump,2030,A2,0,newcapa,residential
767,2055,R1,2025,gasboiler,2055,A2,0,newcapa,residential
768,2050,R1,2025,gasboiler,2050,A1,0,newcapa,residential
769,2045,R1,2045,gasboiler,2045,A3,0,newcapa,residential
770,2055,R1,2025,gasCCGT,2055,A1,0,retrofit,power
771,2030,R1,2025,gasboiler,2030,A3,0,retrofit,residential
772,2050,R1,2025,gasboiler,2050,A1,0,newcapa,residential
773,2030,R1,2025,gasboiler,2030,A3,0,retrofit,residential
774,2035,R1,2025,gasboiler,2035,A3,0,retrofit,residential
775,2025,R1,2025,gassupply1,2025,A1,0,newcapa,gas
776,2060,R1,2055,gasboiler,2060,A1,0,newcapa,residential
777,2045,R1,2045,gasboiler,2045,A3,0,retrofit,residential
778,2040,R1,2040,gasboiler,2040,A2,0,newcapa,residential
779,2040,R1,2040,gasboiler,2040,A2,0,newcapa,residential
780,2040,R1,2025,gasboiler,2040,A1,0,retrofit,residential
781,2040,R1,2035,gasboiler,2040,A2,0,retrofit,residential
782,2060,R1,2060,gassupply2,2060,A1,0,retrofit,gas
783,2060,R1,2025,gasboiler,2060,A1,0,newcapa,residential
784,2055,R1,2040,gasboiler,2055,A1,0,newcapa,residential
785,2035,R1,2025,windturbine,2035,A1,0,retrofit,power
786,2035,R1,2030,gasboiler,2035,A3,0,retrofit,residential
787,2025,R1,2025,gasboiler,2025,A3,0,retrofit,residential
788,2060,R1,2045,gasboiler,2060,A1,0,newcapa,residential
789,2030,R1,2025,gasCCGT,2030,A1,0,retrofit,power
790,2045,R1,2035,gassupply1,2045,A1,0,retrofit,gas
791,2035,R1,2035,gasboiler,2035,A3,0,retrofit,residential
792,2060,R1,2055,gasboiler,2060,A2,0,retrofit,residential
793,2045,R1,2045,gassupply1,2045,A1,0,retrofit,gas
794,2060,R1,2025,gasboiler,2060,A1,0,newcapa,residential
795,2050,R1,2045,gasboiler,2050,A2,0,retrofit,residential
796,2040,R1,2040,gassupply1,2040,A1,0,retrofit,gas
797,2030,R1,2025,windturbine,2030,A1,0,newcapa,power
798,2030,R1,2030,heatpump,2030,A1,0,retrofit,residential
799,2055,R1,2045,gasboiler,2055,A2,0,retrofit,residential
800,2055,R1,2025,gasCCGT,2055,A1,0,retrofit,power
801,2050,R1,2035,gasboiler,2050,A3,0,newcapa,residential
802,2040,R1,2030,windturbine,2040,A1,0,retrofit,power
803,2055,R1,2045,gasboiler,2055,A2,0,newcapa,residential
804,2060,R1,2035,gasboiler,2060,A2,0,newcapa,residential
805,2060,R1,2050,gassupply1,2060,A1,0,retrofit,gas
806,2045,R1,2030,windturbine,2045,A1,0,retrofit,power
807,2040,R1,2025,windturbine,2040,A1,0,retrofit,power
808,2035,R1,2035,gasboiler,2035,A3,0,newcapa,residential
809,2040,R1,2030,windturbine,2040,A1,0,retrofit,power
810,2045,R1,2045,gassupply1,2045,A1,0,newcapa,gas
811,2055,R1,2025,gasboiler,2055,A2,0,newcapa,residential
812,2055,R1,2025,gasboiler,2055,A1,0,retrofit,residential
813,2050,R1,2050,gasboiler,2050,A1,0,retrofit,residential
814,2035,R1,2025,gasboiler,2035,A3,0,retrofit,residential
815,2045,R1,2045,gasboiler,2045,A3,0,newcapa,residential
816,2060,R1,2055,gasboiler,2060,A1,0,retrofit,residential
817,2050,R1,2045,gassupply1,2050,A1,0,retrofit,gas
818,2060,R1,2045,gasboiler,2060,A2,0,newcapa,residential
819,2060,R1,2035,gasboiler,2060,A3,0,newcapa,residential
820,2040,R1,2035,gassupply1,2040,A1,0,retrofit,gas
821,2035,R1,2025,gasboiler,2035,A2,0,retrofit,residential
822,2035,R1,2025,gasboiler,2035,A1,0,retrofit,residential
823,2025,R1,2025,gasCCGT,2025,A1,0,newcapa,power
824,2045,R1,2040,gasboiler,2045,A1,0,retrofit,residential
825,2025,R1,2025,windturbine,2025,A1,0,retrofit,power
826,2045,R1,2025,windturbine,2045,A1,0,retrofit,power
827,2055,R1,2045,gasboiler,2055,A2,0,retrofit,residential
828,2035,R1,2025,gasboiler,2035,A3,0,retrofit,residential
829,2030,R1,2025,gassupply1,2030,A1,0,newcapa,gas
830,2050,R1,2030,windturbine,2050,A1,0,retrofit,power
831,2050,R1,2030,windturbine,2050,A1,0,retrofit,power
832,2045,R1,2045,gasboiler,2045,A1,0,retrofit,residential
833,2035,R1,2025,gasboiler,2035,A2,0,retrofit,residential
834,2050,R1,2045,gassupply1,2050,A1,0,newcapa,gas
835,2050,R1,2025,windturbine,2050,A1,0,retrofit,power
836,2035,R1,2025,windturbine,2035,A1,0,retrofit,power
837,2060,R1,2025,gasCCGT,2060,A1,0,retrofit,power
838,2030,R1,2025,windturbine,2030,A1,0,retrofit,power
839,2060,R1,2025,gasboiler,2060,A3,0,newcapa,residential
840,2045,R1,2040,gassupply1,2045,A1,0,retrofit,gas
841,2025,R1,2025,heatpump,2025,A1,0,retrofit,residential
842,2040,R1,2025,windturbine,2040,A1,0,newcapa,power
843,2040,R1,2040,gasboiler,2040,A3,0,newcapa,residential
844,2045,R1,2035,gasboiler,2045,A3,0,retrofit,residential
845,2025,R1,2025,gasboiler,2025,A3,0,newcapa,residential
846,2060,R1,2025,gasboiler,2060,A3,0,newcapa,residential
847,2035,R1,2035,gasboiler,2035,A1,0,retrofit,residential
848,2030,R1,2030,heatpump,2030,A1,0,retrofit,residential
849,2050,R1,2035,gassupply1,2050,A1,0,newcapa,gas
850,2035,R1,2025,gasboiler,2035,A2,0,retrofit,residential
851,2045,R1,2030,windturbine,2045,A1,0,retrofit,power
852,2060,R1,2025,gasboiler,2060,A1,0,newcapa,residential
853,2045,R1,2035,gasboiler,2045,A1,0,retrofit,residential
854,2050,R1,2040,gasboiler,2050,A3,0,retrofit,residential
855,2060,R1,2025,gasboiler,2060,A1,0,retrofit,residential
856,2030,R1,2030,gassupply1,2030,A1,0,retrofit,gas
857,2045,R1,2045,gasboiler,2045,A3,0,newcapa,residential
858,2040,R1,2025,windturbine,2040,A1,0,newcapa,power
859,2030,R1,2030,heatpump,2030,A1,0,newcapa,residential
860,2045,R1,2040,gassupply1,2045,A1,0,retrofit,gas
861,2035,R1,2025,windturbine,2035,A1,0,newcapa,power
862,2030,R1,2025,gassupply1,2030,A1,0,newcapa,gas
863,2060,R1,2055,gasboiler,2060,A1,0,retrofit,residential
864,2045,R1,2025,gasboiler,2045,A3,0,retrofit,residential
865,2035,R1,2025,gasboiler,2035,A3,0,retrofit,residential
866,2060,R1,2055,gassupply1,2060,A1,0,newcapa,gas
867,2045,R1,2030,windturbine,2045,A1,0,newcapa,power
868,2055,R1,2050,gasboiler,2055,A3,0,newcapa,residential
869,2035,R1,2035,gasboiler,2035,A1,0,newcapa,residential
870,2025,R1,2025,gasboiler,2025,A2,0,retrofit,residential
871,2050,R1,2045,gassupply1,2050,A1,0,retrofit,gas
872,2025,R1,2025,gasboiler,2025,A2,0,retrofit,residential
873,2045,R1,2025,windturbine,2045,A1,0,retrofit,power
874,2060,R1,2050,gasboiler,2060,A3,0,retrofit,residential
875,2050,R1,2025,gasboiler,2050,A2,0,retrofit,residential
876,2060,R1,2055,gasboiler,2060,A3,0,newcapa,residential
877,2060,R1,2060,gassupply1,2060,A1,0,retrofit,gas
878,2055,R1,2025,gasCCGT,2055,A1,0,newcapa,power
879,2060,R1,2035,gassupply1,2060,A1,0,newcapa,gas
880,2050,R1,2025,gasboiler,2050,A3,0,retrofit,residential
881,2045,R1,2025,windturbine,2045,A1,0,retrofit,power
882,2055,R1,2045,gasboiler,2055,A1,0,newcapa,residential
883,2045,R1,2045,gasboiler,2045,A3,0,newcapa,residential
884,2055,R1,2025,windturbine,2055,A1,0,newcapa,power
885,2060,R1,2050,gasboiler,2060,A1,0,newcapa,residential
886,2055,R1,2025,gasCCGT,2055,A1,0,newcapa,power
887,2045,R1,2025,windturbine,2045,A1,0,newcapa,power
888,2050,R1,2050,gassupply1,2050,A1,0,retrofit,gas
889,2060,R1,2025,gasboiler,2060,A1,0,newcapa,residential
890,2060,R1,2040,gassupply1,2060,A1,0,newcapa,gas
891,2035,R1,2030,windturbine,2035,A1,0,newcapa,power
892,2025,R1,2025,gasboiler,2025,A3,0,retrofit,residential
893,2060,R1,2025,gasboiler,2060,A2,0,newcapa,residential
894,2030,R1,2025,windturbine,2030,A1,0,retrofit,power
895,2035,R1,2025,gasCCGT,2035,A1,0,retrofit,power
896,2050,R1,2025,windturbine,2050,A1,0,newcapa,power
897,2050,R1,2050,gassupply1,2050,A1,0,retrofit,gas
898,2035,R1,2035,gasboiler,2035,A2,0,retrofit,residential
899,2055,R1,2055,gasboiler,2055,A1,0,retrofit,residential
900,2055,R1,2035,gasboiler,2055,A2,0,newcapa,residential
901,2060,R1,2050,gasboiler,2060,A1,0,newcapa,residential
902,2035,R1,2025,windturbine,2035,A1,0,retrofit,power
903,2030,R1,2025,gasboiler,2030,A1,0,retrofit,residential
904,2055,R1,2035,gassupply1,2055,A1,0,newcapa,gas
905,2035,R1,2030,windturbine,2035,A1,0,newcapa,power
906,2030,R1,2030,gasboiler,2030,A3,0,retrofit,residential
907,2025,R1,2025,gasboiler,2025,A2,0,retrofit,residential
908,2050,R1,2050,gasboiler,2050,A2,0,retrofit,residential
909,2050,R1,2040,gassupply1,2050,A1,0,newcapa,gas
910,2050,R1,2040,gasboiler,2050,A1,0,newcapa,residential
911,2030,R1,2025,gasCCGT,2030,A1,0,newcapa,power
912,2030,R1,2025,gasboiler,2030,A2,0,retrofit,residential
913,2055,R1,2055,gasboiler,2055,A3,0,retrofit,residential
914,2060,R1,2055,gasboiler,2060,A2,0,retrofit,residential
915,2055,R1,2050,gasboiler,2055,A1,0,retrofit,residential
916,2055,R1,2040,gassupply1,2055,A1,0,newcapa,gas
917,2040,R1,2040,gasboiler,2040,A3,0,retrofit,residential
918,2030,R1,2025,gasboiler,2030,A1,0,retrofit,residential
919,2060,R1,2050,gasboiler,2060,A1,0,newcapa,residential
920,2045,R1,2045,gasboiler,2045,A2,0,newcapa,residential
921,2060,R1,2035,gassupply1,2060,A1,0,newcapa,gas
922,2055,R1,2050,gassupply1,2055,A1,0,retrofit,gas
923,2045,R1,2045,gasboiler,2045,A1,0,retrofit,residential
924,2045,R1,2025,windturbine,2045,A1,0,newcapa,power
925,2045,R1,2045,gasboiler,2045,A2,0,retrofit,residential
926,2050,R1,2050,gassupply2,2050,A1,0,retrofit,gas
927,2045,R1,2035,gasboiler,2045,A2,0,retrofit,residential
928,2030,R1,2025,windturbine,2030,A1,0,retrofit,power
929,2050,R1,2025,gasboiler,2050,A2,0,retrofit,residential
930,2060,R1,2050,gassupply2,2060,A1,0,newcapa,gas
931,2030,R1,2025,gasCCGT,2030,A1,0,retrofit,power
932,2030,R1,2025,windturbine,2030,A1,0,retrofit,power
933,2040,R1,2035,gasboiler,2040,A3,0,retrofit,residential
934,2045,R1,2025,gasboiler,2045,A1,0,retrofit,residential
935,2045,R1,2040,gassupply1,2045,A1,0,retrofit,gas
936,2035,R1,2035,gassupply1,2035,A1,0,newcapa,gas
937,2025,R1,2025,gasboiler,2025,A1,0,retrofit,residential
938,2025,R1,2025,gasboiler,2025,A2,0,retrofit,residential
939,2030,R1,2025,gassupply1,2030,A1,0,retrofit,gas
940,2025,R1,2025,gasboiler,2025,A1,0,retrofit,residential
941,2025,R1,2025,windturbine,2025,A1,0,retrofit,power
942,2060,R1,2045,gasboiler,2060,A3,0,newcapa,residential
943,2055,R1,2025,windturbine,2055,A1,0,newcapa,power
944,2030,R1,2025,gasboiler,2030,A1,0,retrofit,residential
945,2055,R1,2025,gasboiler,2055,A2,0,retrofit,residential
946,2050,R1,2025,gasCCGT,2050,A1,0,retrofit,power
947,2050,R1,2030,windturbine,2050,A1,0,retrofit,power
948,2030,R1,2025,windturbine,2030,A1,0,newcapa,power
949,2060,R1,2050,gassupply2,2060,A1,0,newcapa,gas
950,2035,R1,2030,windturbine,2035,A1,0,retrofit,power
951,2055,R1,2040,gasboiler,2055,A3,0,newcapa,residential
952,2045,R1,2025,gasCCGT,2045,A1,0,newcapa,power
953,2050,R1,2040,gassupply1,2050,A1,0,retrofit,gas
954,2060,R1,2035,gasboiler,2060,A1,0,newcapa,residential
955,2040,R1,2030,heatpump,2040,A1,0,retrofit,residential
956,2025,R1,2025,gasboiler,2025,A1,0,newcapa,residential
957,2050,R1,2050,gassupply1,2050,A1,0,retrofit,gas
958,2035,R1,2035,gasboiler,2035,A2,0,retrofit,residential
959,2050,R1,2025,gasCCGT,2050,A1,0,retrofit,power
960,2050,R1,2040,gasboiler,2050,A1,0,newcapa,residential
961,2050,R1,2045,gassupply1,2050,A1,0,retrofit,gas
962,2060,R1,2045,gassupply1,2060,A1,0,newcapa,gas
963,2025,R1,2025,gasboiler,2025,A2,0,newcapa,residential
964,2040,R1,2025,windturbine,2040,A1,0,retrofit,power
965,2050,R1,2045,gassupply1,2050,A1,0,newcapa,gas
966,2030,R1,2025,gassupply1,2030,A1,0,retrofit,gas
967,2030,R1,2030,windturbine,2030,A1,0,retrofit,power
968,2035,R1,2025,gassupply1,2035,A1,0,retrofit,gas
969,2055,R1,2035,gasboiler,2055,A1,0,newcapa,residential
970,2035,R1,2035,gassupply1,2035,A1,0,newcapa,gas
971,2055,R1,2050,gasboiler,2055,A3,0,retrofit,residential
972,2060,R1,2050,gasboiler,2060,A3,0,retrofit,residential
973,2045,R1,2025,gasCCGT,2045,A1,0,newcapa,power
974,2025,R1,2025,gasboiler,2025,A3,0,newcapa,residential
975,2045,R1,2040,gasboiler,2045,A3,0,retrofit,residential
976,2035,R1,2035,gasboiler,2035,A3,0,retrofit,residential
977,2025,R1,2025,gassupply1,2025,A1,0,retrofit,gas
978,2055,R1,2050,gassupply2,2055,A1,0,newcapa,gas
979,2060,R1,2025,gasCCGT,2060,A1,0,newcapa,power
980,2050,R1,2040,gasboiler,2050,A2,0,retrofit,residential
981,2040,R1,2025,gasCCGT,2040,A1,0,retrofit,power
982,2055,R1,2025,gasboiler,2055,A3,0,retrofit,residential
983,2060,R1,2060,gassupply2,2060,A1,0,retrofit,gas
984,2045,R1,2035,gasboiler,2045,A3,0,retrofit,residential
985,2025,R1,2025,gasboiler,2025,A1,0,retrofit,residential
986,2055,R1,2055,gasboiler,2055,A1,0,retrofit,residential
987,2040,R1,2025,gasCCGT,2040,A1,0,newcapa,power
988,2060,R1,2060,gasboiler,2060,A2,0,retrofit,residential
989,2030,R1,2025,gasboiler,2030,A3,0,retrofit,residential
990,2040,R1,2040,gasboiler,2040,A2,0,newcapa,residential
991,2050,R1,2035,gasboiler,2050,A2,0,newcapa,residential
992,2050,R1,2040,gasboiler,2050,A3,0,retrofit,residential
993,2045,R1,2025,windturbine,2045,A1,0,retrofit,power
994,2030,R1,2025,gasboiler,2030,A1,0,retrofit,residential
995,2050,R1,2035,gassupply1,2050,A1,0,newcapa,gas
996,2060,R1,2025,gasCCGT,2060,A1,0,retrofit,power
997,2045,R1,2040,gasboiler,2045,A2,0,retrofit,residential
998,2045,R1,2045,gasboiler,2045,A1,0,retrofit,residential
999,2050,R1,2050,gasboiler,2050,A2,0,retrofit,residential
1000,2060,R1,2045,gasboiler,2060,A2,0,newcapa,residential
1001,2050,R1,2040,gasboiler,2050,A2,0,newcapa,residential
1002,2055,R1,2055,gasboiler,2055,A2,0,retrofit,residential
1003,2045,R1,2025,gasboiler,2045,A3,0,retrofit,residential
1004,2055,R1,2040,gassupply1,2055,A1,0,newcapa,gas
1005,2055,R1,2050,gassupply1,2055,A1,0,newcapa,gas
1006,2055,R1,2040,gasboiler,2055,A2,0,newcapa,residential
1007,2060,R1,2025,gasboiler,2060,A1,0,retrofit,residential
1008,2060,R1,2035,gasboiler,2060,A1,0,newcapa,residential
1009,2030,R1,2025,gassupply1,2030,A1,0,newcapa,gas
1010,2060,R1,2045,gasboiler,2060,A3,0,newcapa,residential
1011,2060,R1,2045,gassupply1,2060,A1,0,newcapa,gas
1012,2060,R1,2025,windturbine,2060,A1,0,newcapa,power
1013,2060,R1,2025,gasCCGT,2060,A1,0,newcapa,power
1014,2035,R1,2030,gassupply1,2035,A1,0,retrofit,gas
1015,2040,R1,2040,gasboiler,2040,A2,0,newcapa,residential
1016,2055,R1,2045,gasboiler,2055,A2,0,newcapa,residential
1017,2050,R1,2025,gasboiler,2050,A3,0,retrofit,residential
1018,2040,R1,2040,gasboiler,2040,A1,0,retrofit,residential
