,year,commodity,region,installed,technology,agent,category,sector,supply
1,2055,CO2f,R1,2045,gasboiler,A1,retrofit,residential,236.838.597.541
2,2045,CO2f,R1,2035,gasboiler,A1,retrofit,residential,3.229.028.963.115
3,2030,heat,R1,2025,gasboiler,A1,retrofit,residential,0.448999994
4,2060,CO2f,R1,2025,gasboiler,A2,retrofit,residential,1.84E-03
5,2030,CO2f,R1,2025,gasboiler,A3,retrofit,residential,1.218.165.777.664
6,2060,CO2f,R1,2055,gasboiler,A2,retrofit,residential,2.664.434.222.336
7,2045,heat,R1,2040,gasboiler,A1,retrofit,residential,0.234
8,2055,CO2f,R1,2045,gasboiler,A3,retrofit,residential,2.664.434.222.336
9,2035,electricity,R1,2025,windturbine,A1,retrofit,power,0.014396739
10,2030,CO2f,R1,2025,gasboiler,A3,retrofit,residential,812.110.518.442
11,2030,heat,R1,2025,heatpump,A1,retrofit,residential,0.251
12,2055,CO2f,R1,2025,gasboiler,A2,retrofit,residential,1.84E-03
13,2025,CO2f,R1,2025,gassupply1,A1,retrofit,gas,34.836.730.191
14,2035,electricity,R1,2025,windturbine,A1,retrofit,power,0.021595109
15,2030,electricity,R1,2025,windturbine,A1,retrofit,power,0.021933333
16,2035,heat,R1,2030,gasboiler,A3,retrofit,residential,0.1505
17,2060,gas,R1,2050,gassupply2,A1,retrofit,gas,0.35029997
18,2045,heat,R1,2040,gasboiler,A3,retrofit,residential,0.26325
19,2030,heat,R1,2025,heatpump,A1,retrofit,residential,0.334666667
20,2050,CO2f,R1,2045,gasboiler,A2,retrofit,residential,2.664.434.222.336
21,2050,heat,R1,2045,gasboiler,A1,retrofit,residential,0.548999994
22,2040,heat,R1,2030,heatpump,A2,retrofit,residential,0.1505
23,2060,CO2f,R1,2055,gasboiler,A1,retrofit,residential,236.838.597.541
24,2040,heat,R1,2025,gasboiler,A3,retrofit,residential,2.85E-09
25,2050,CO2f,R1,2045,gasboiler,A2,retrofit,residential,2.664.434.222.336
26,2055,heat,R1,2045,gasboiler,A1,retrofit,residential,0.548999994
27,2045,CO2f,R1,2040,gassupply1,A1,retrofit,gas,246.908.548.364
28,2030,CO2f,R1,2025,gassupply1,A1,retrofit,gas,10.828.396.134
29,2060,heat,R1,2055,gasboiler,A3,retrofit,residential,0.274499997
30,2040,electricity,R1,2030,windturbine,A1,retrofit,power,0.096532544
31,2060,heat,R1,2025,gasboiler,A3,retrofit,residential,5.70E-09
32,2035,CO2f,R1,2025,gasboiler,A3,retrofit,residential,2.905.478.963.115
33,2040,gas,R1,2030,gassupply1,A1,retrofit,gas,0.856694992
34,2055,CO2f,R1,2050,gasboiler,A2,retrofit,residential,11.356.605
35,2030,heat,R1,2025,gasboiler,A2,retrofit,residential,0.336749996
36,2045,CO2f,R1,2035,gasboiler,A2,retrofit,residential,3.229.028.963.115
37,2045,CO2f,R1,2025,gasboiler,A3,retrofit,residential,1.84E-03
38,2045,gas,R1,2035,gassupply1,A1,retrofit,gas,170.455.004.509
39,2055,heat,R1,2025,gasboiler,A2,retrofit,residential,2.85E-09
40,2055,CO2f,R1,2045,gasboiler,A3,retrofit,residential,3.552.578.963.115
41,2035,heat,R1,2030,gasboiler,A3,retrofit,residential,0.1505
42,2045,heat,R1,2035,gasboiler,A2,retrofit,residential,0.498999994
43,2055,heat,R1,2025,gasboiler,A3,retrofit,residential,2.85E-09
44,2055,heat,R1,2025,gasboiler,A2,retrofit,residential,5.70E-09
45,2055,heat,R1,2050,gasboiler,A1,retrofit,residential,0.351
46,2050,gas,R1,2040,gassupply1,A1,retrofit,gas,161.272.497.745
47,2060,CO2f,R1,2055,gasboiler,A3,retrofit,residential,1.776.289.481.558
48,2035,heat,R1,2025,gasboiler,A3,retrofit,residential,0.448999994
49,2050,heat,R1,2045,gasboiler,A2,retrofit,residential,0.823499991
50,2045,CO2f,R1,2035,gasboiler,A3,retrofit,residential,3.229.028.963.115
51,2030,heat,R1,2025,heatpump,A1,retrofit,residential,0.167333333
52,2025,heat,R1,2025,gasboiler,A3,retrofit,residential,0.4875
53,2035,CO2f,R1,2025,gasboiler,A1,retrofit,residential,5.810.957.926.231
54,2035,electricity,R1,2025,windturbine,A1,retrofit,power,0.044306066
55,2035,electricity,R1,2025,windturbine,A1,retrofit,power,0.088612132
56,2035,CO2f,R1,2025,gasCCGT,A1,retrofit,power,1.08E-01
57,2040,CO2f,R1,2025,gasboiler,A3,retrofit,residential,1.84E-03
58,2025,CO2f,R1,2025,gassupply1,A1,retrofit,gas,261.275.476.432
59,2035,heat,R1,2030,heatpump,A2,retrofit,residential,0.301
60,2045,CO2f,R1,2035,gasboiler,A1,retrofit,residential,215.268.597.541
61,2035,CO2f,R1,2025,gassupply1,A1,retrofit,gas,21.656.792.268
62,2035,heat,R1,2030,heatpump,A1,retrofit,residential,0.401333333
63,2035,heat,R1,2025,gasboiler,A3,retrofit,residential,0.224499997
64,2040,heat,R1,2025,gasboiler,A2,retrofit,residential,2.85E-09
65,2030,heat,R1,2025,heatpump,A1,retrofit,residential,0.502
66,2030,gas,R1,2025,gassupply1,A1,retrofit,gas,0.707275023
67,2035,CO2f,R1,2030,gassupply1,A1,retrofit,gas,13.116.019.153
68,2040,electricity,R1,2025,windturbine,A1,retrofit,power,0.029537377
69,2035,CO2f,R1,2025,gasCCGT,A1,retrofit,power,5.42E-03
70,2055,heat,R1,2025,gasboiler,A3,retrofit,residential,4.27E-09
71,2045,heat,R1,2040,gasboiler,A3,retrofit,residential,0.5265
72,2060,CO2f,R1,2025,gasboiler,A3,retrofit,residential,2.77E-03
73,2050,heat,R1,2040,gasboiler,A3,retrofit,residential,0.26325
74,2035,gas,R1,2030,gassupply1,A1,retrofit,gas,114.225.998.967
75,2045,CO2f,R1,2040,gasboiler,A3,retrofit,residential,170.349.075
76,2055,CO2f,R1,2050,gassupply1,A1,retrofit,gas,27.558.039.546
77,2050,heat,R1,2045,gasboiler,A2,retrofit,residential,0.274499997
78,2040,electricity,R1,2030,windturbine,A1,retrofit,power,0.096532544
79,2035,heat,R1,2025,gasboiler,A3,retrofit,residential,0.673499991
80,2055,gas,R1,2045,gassupply1,A1,retrofit,gas,0.997275023
81,2040,heat,R1,2035,gasboiler,A3,retrofit,residential,0.249499997
82,2040,CO2f,R1,2035,gasboiler,A3,retrofit,residential,2.421.771.722.336
83,2045,heat,R1,2035,gasboiler,A2,retrofit,residential,0.374249996
84,2035,electricity,R1,2025,windturbine,A1,retrofit,power,0.021595109
85,2040,heat,R1,2025,gasboiler,A1,retrofit,residential,5.70E-09
86,2035,CO2f,R1,2025,gasboiler,A2,retrofit,residential,1.452.739.481.558
87,2045,CO2f,R1,2040,gassupply1,A1,retrofit,gas,246.908.548.364
88,2050,gas,R1,2040,gassupply1,A1,retrofit,gas,322.544.995.491
89,2035,heat,R1,2025,gasboiler,A3,retrofit,residential,4.28E-09
90,2040,heat,R1,2035,gasboiler,A3,retrofit,residential,0.748499991
91,2050,heat,R1,2045,gasboiler,A1,retrofit,residential,0.731999992
92,2060,CO2f,R1,2050,gasboiler,A1,retrofit,residential,1.514.214
93,2040,CO2f,R1,2030,gasboiler,A3,retrofit,residential,146.082.825
94,2060,gas,R1,2050,gassupply1,A1,retrofit,gas,1.35
95,2050,heat,R1,2025,gasboiler,A3,retrofit,residential,8.55E-09
96,2045,CO2f,R1,2040,gasboiler,A2,retrofit,residential,170.349.075
97,2035,CO2f,R1,2025,gasboiler,A2,retrofit,residential,2.179.109.222.336
98,2040,CO2f,R1,2025,gasCCGT,A1,retrofit,power,1.08E-01
99,2045,heat,R1,2025,gasboiler,A1,retrofit,residential,5.70E-09
100,2035,CO2f,R1,2030,gasboiler,A3,retrofit,residential,9.738.855
101,2045,CO2f,R1,2025,gasboiler,A3,retrofit,residential,3.69E-03
102,2045,heat,R1,2035,gasboiler,A2,retrofit,residential,0.249499997
103,2060,CO2f,R1,2055,gasboiler,A1,retrofit,residential,3.552.578.963.115
104,2050,CO2f,R1,2025,gasboiler,A3,retrofit,residential,1.84E-03
105,2035,heat,R1,2030,heatpump,A2,retrofit,residential,0.4515
106,2060,CO2f,R1,2055,gasboiler,A2,retrofit,residential,2.664.434.222.336
107,2055,heat,R1,2050,gasboiler,A3,retrofit,residential,0.5265
108,2055,heat,R1,2045,gasboiler,A1,retrofit,residential,10.979.999.886
109,2050,gas,R1,2045,gassupply1,A1,retrofit,gas,0.664850015
110,2035,CO2f,R1,2030,gassupply1,A1,retrofit,gas,0.874401277
111,2030,heat,R1,2025,heatpump,A1,retrofit,residential,0.251
112,2050,heat,R1,2045,gasboiler,A1,retrofit,residential,10.979.999.886
113,2035,heat,R1,2025,gasboiler,A2,retrofit,residential,0.448999994
114,2055,heat,R1,2050,gasboiler,A1,retrofit,residential,0.234
115,2045,gas,R1,2040,gassupply1,A1,retrofit,gas,161.272.497.745
116,2040,CO2f,R1,2025,gasboiler,A1,retrofit,residential,3.69E-03
117,2040,CO2f,R1,2025,gasboiler,A2,retrofit,residential,3.69E-03
118,2040,CO2f,R1,2025,gasboiler,A1,retrofit,residential,4.92E-04
119,2055,CO2f,R1,2045,gassupply1,A1,retrofit,gas,152.683.025.053
120,2045,heat,R1,2035,gasboiler,A3,retrofit,residential,0.249499997
121,2035,CO2f,R1,2025,gasboiler,A3,retrofit,residential,1.84E-03
122,2060,CO2f,R1,2055,gasboiler,A2,retrofit,residential,1.776.289.481.558
123,2060,gas,R1,2050,gassupply1,A1,retrofit,gas,0.9
124,2045,heat,R1,2040,gasboiler,A2,retrofit,residential,0.1755
125,2060,CO2f,R1,2025,gasboiler,A1,retrofit,residential,4.92E-04
126,2055,CO2f,R1,2045,gassupply1,A1,retrofit,gas,305.366.050.106
127,2040,CO2f,R1,2035,gasboiler,A3,retrofit,residential,3.229.028.963.115
128,2035,heat,R1,2030,heatpump,A1,retrofit,residential,0.200666667
129,2060,gas,R1,2055,gassupply1,A1,retrofit,gas,132.970.003.006
130,2045,CO2f,R1,2035,gassupply1,A1,retrofit,gas,130.483.493.196
131,2055,gas,R1,2050,gassupply1,A1,retrofit,gas,1.8
132,2035,CO2f,R1,2025,gasboiler,A2,retrofit,residential,2.77E-03
133,2030,CO2f,R1,2025,gassupply1,A1,retrofit,gas,0.721893076
134,2030,electricity,R1,2025,gasCCGT,A1,retrofit,power,9.00E-09
135,2040,gas,R1,2035,gassupply1,A1,retrofit,gas,0.568183348
136,2040,heat,R1,2035,gasboiler,A2,retrofit,residential,0.374249996
137,2040,CO2f,R1,2025,gasboiler,A1,retrofit,residential,2.46E-04
138,2050,heat,R1,2040,gasboiler,A2,retrofit,residential,0.1755
139,2060,gas,R1,2050,gassupply2,A1,retrofit,gas,0.175149985
140,2060,CO2f,R1,2050,gassupply2,A1,retrofit,gas,160.796.462.951
141,2050,gas,R1,2045,gassupply1,A1,retrofit,gas,199.455.004.509
142,2030,heat,R1,2025,gasboiler,A2,retrofit,residential,0.251000006
143,2055,heat,R1,2025,gasboiler,A1,retrofit,residential,3.80E-09
144,2055,heat,R1,2025,gasboiler,A1,retrofit,residential,5.70E-09
145,2055,heat,R1,2045,gasboiler,A1,retrofit,residential,0.365999996
146,2060,CO2f,R1,2025,gasboiler,A2,retrofit,residential,2.77E-03
147,2035,heat,R1,2025,gasboiler,A1,retrofit,residential,0.897999989
148,2055,heat,R1,2045,gasboiler,A1,retrofit,residential,0.548999994
149,2035,electricity,R1,2025,gasCCGT,A1,retrofit,power,8.86E-09
150,2055,heat,R1,2045,gasboiler,A2,retrofit,residential,0.411749996
151,2035,heat,R1,2025,gasboiler,A2,retrofit,residential,4.28E-09
152,2040,CO2f,R1,2035,gasboiler,A1,retrofit,residential,3.229.028.963.115
153,2045,CO2f,R1,2025,gasboiler,A2,retrofit,residential,5.53E-03
154,2030,CO2f,R1,2025,gasboiler,A3,retrofit,residential,1.624.221.036.885
155,2035,CO2f,R1,2030,gasboiler,A3,retrofit,residential,146.082.825
156,2050,heat,R1,2045,gasboiler,A3,retrofit,residential,0.274499997
157,2045,heat,R1,2040,gasboiler,A3,retrofit,residential,0.26325
158,2045,CO2f,R1,2035,gasboiler,A2,retrofit,residential,4.843.543.444.673
159,2030,heat,R1,2025,gasboiler,A2,retrofit,residential,0.448999994
160,2040,heat,R1,2025,gasboiler,A2,retrofit,residential,4.27E-09
161,2060,CO2f,R1,2025,gasboiler,A1,retrofit,residential,2.46E-04
162,2060,CO2f,R1,2050,gasboiler,A2,retrofit,residential,170.349.075
163,2060,heat,R1,2055,gasboiler,A2,retrofit,residential,0.274499997
164,2030,electricity,R1,2025,windturbine,A1,retrofit,power,0.089999982
165,2055,gas,R1,2045,gassupply1,A1,retrofit,gas,199.455.004.509
166,2055,heat,R1,2025,gasboiler,A1,retrofit,residential,3.80E-09
167,2040,CO2f,R1,2025,gasCCGT,A1,retrofit,power,1.62E-01
168,2050,CO2f,R1,2025,gasboiler,A1,retrofit,residential,4.92E-04
169,2030,CO2f,R1,2025,gasCCGT,A1,retrofit,power,1.24E-01
170,2040,heat,R1,2035,gasboiler,A2,retrofit,residential,0.748499991
171,2035,CO2f,R1,2025,gasboiler,A3,retrofit,residential,2.77E-03
172,2050,CO2f,R1,2045,gasboiler,A1,retrofit,residential,473.677.195.082
173,2055,gas,R1,2050,gassupply2,A1,retrofit,gas,0.175149985
174,2055,heat,R1,2045,gasboiler,A3,retrofit,residential,0.411749996
175,2045,heat,R1,2025,gasboiler,A2,retrofit,residential,5.70E-09
176,2035,CO2f,R1,2025,gasboiler,A2,retrofit,residential,3.69E-03
177,2025,heat,R1,2025,heatpump,A1,retrofit,residential,0.167333333
178,2035,heat,R1,2025,gasboiler,A1,retrofit,residential,1.14E-08
179,2050,CO2f,R1,2045,gasboiler,A1,retrofit,residential,236.838.597.541
180,2045,CO2f,R1,2025,gasboiler,A3,retrofit,residential,2.77E-03
181,2035,heat,R1,2025,gasboiler,A3,retrofit,residential,2.85E-09
182,2050,heat,R1,2025,gasboiler,A1,retrofit,residential,3.80E-09
183,2050,CO2f,R1,2025,gasboiler,A2,retrofit,residential,2.77E-03
184,2035,electricity,R1,2025,windturbine,A1,retrofit,power,0.014396739
185,2030,heat,R1,2025,gasboiler,A2,retrofit,residential,0.336749996
186,2045,CO2f,R1,2035,gassupply1,A1,retrofit,gas,260.966.986.393
187,2055,CO2f,R1,2045,gasboiler,A1,retrofit,residential,473.677.195.082
188,2060,CO2f,R1,2055,gasboiler,A3,retrofit,residential,5.328.868.444.673
189,2040,heat,R1,2035,gasboiler,A3,retrofit,residential,0.374249996
190,2060,CO2f,R1,2025,gasboiler,A2,retrofit,residential,2.77E-03
191,2035,heat,R1,2025,gasboiler,A1,retrofit,residential,3.80E-09
192,2050,CO2f,R1,2040,gassupply1,A1,retrofit,gas,164.605.698.909
193,2030,CO2f,R1,2025,gasboiler,A2,retrofit,residential,1.218.165.777.664
194,2030,gas,R1,2025,gassupply1,A1,retrofit,gas,141.455.004.509
195,2060,heat,R1,2025,gasboiler,A2,retrofit,residential,5.70E-09
196,2025,gas,R1,2025,gassupply1,A1,retrofit,gas,227.542
197,2045,heat,R1,2025,gasboiler,A1,retrofit,residential,3.80E-09
198,2055,CO2f,R1,2050,gasboiler,A3,retrofit,residential,170.349.075
199,2060,heat,R1,2055,gasboiler,A3,retrofit,residential,0.411749996
200,2045,CO2f,R1,2025,gasboiler,A3,retrofit,residential,2.77E-03
201,2045,CO2f,R1,2035,gasboiler,A1,retrofit,residential,430.537.195.082
202,2060,CO2f,R1,2050,gasboiler,A3,retrofit,residential,11.356.605
203,2040,CO2f,R1,2025,gasCCGT,A1,retrofit,power,5.42E-03
204,2055,CO2f,R1,2025,gasboiler,A3,retrofit,residential,3.69E-03
205,2055,gas,R1,2050,gassupply1,A1,retrofit,gas,2.7
206,2050,CO2f,R1,2045,gasboiler,A2,retrofit,residential,1.776.289.481.558
207,2055,heat,R1,2045,gasboiler,A2,retrofit,residential,0.411749996
208,2035,CO2f,R1,2025,gasboiler,A1,retrofit,residential,2.46E-04
209,2040,CO2f,R1,2035,gassupply1,A1,retrofit,gas,0.869889955
210,2035,heat,R1,2030,heatpump,A1,retrofit,residential,0.200666667
211,2045,gas,R1,2035,gassupply1,A1,retrofit,gas,113.636.669.673
212,2025,gas,R1,2025,gassupply1,A1,retrofit,gas,113.771
213,2060,heat,R1,2050,gasboiler,A3,retrofit,residential,0.351
214,2045,CO2f,R1,2035,gasboiler,A3,retrofit,residential,2.421.771.722.336
215,2030,electricity,R1,2025,windturbine,A1,retrofit,power,0.044999991
216,2045,CO2f,R1,2040,gasboiler,A3,retrofit,residential,2.271.321
217,2050,heat,R1,2025,gasboiler,A1,retrofit,residential,5.70E-09
218,2025,heat,R1,2025,gasboiler,A1,retrofit,residential,0.399
219,2040,heat,R1,2025,gasboiler,A1,retrofit,residential,1.14E-08
220,2045,CO2f,R1,2035,gasboiler,A2,retrofit,residential,1.614.514.481.558
221,2050,CO2f,R1,2025,gasboiler,A2,retrofit,residential,1.84E-03
222,2050,heat,R1,2025,gasboiler,A3,retrofit,residential,2.85E-09
223,2030,CO2f,R1,2025,gassupply1,A1,retrofit,gas,31.586.565.627
224,2060,gas,R1,2050,gassupply1,A1,retrofit,gas,2.7
225,2030,electricity,R1,2025,windturbine,A1,retrofit,power,0.044999991
226,2025,CO2f,R1,2025,gasCCGT,A1,retrofit,power,1.237.545
227,2060,gas,R1,2050,gassupply2,A1,retrofit,gas,0.525449955
228,2060,CO2f,R1,2050,gasboiler,A3,retrofit,residential,11.356.605
229,2060,CO2f,R1,2025,gasboiler,A3,retrofit,residential,1.84E-03
230,2060,CO2f,R1,2050,gasboiler,A1,retrofit,residential,2.271.321
231,2050,heat,R1,2025,gasboiler,A2,retrofit,residential,4.27E-09
232,2030,heat,R1,2025,gasboiler,A3,retrofit,residential,0.224499997
233,2035,heat,R1,2030,heatpump,A1,retrofit,residential,0.602
234,2055,CO2f,R1,2025,gasboiler,A3,retrofit,residential,2.77E-03
235,2035,CO2f,R1,2025,gasCCGT,A1,retrofit,power,5.42E-03
236,2035,CO2f,R1,2030,gassupply1,A1,retrofit,gas,26.232.038.306
237,2040,heat,R1,2025,gasboiler,A3,retrofit,residential,8.55E-09
238,2050,CO2f,R1,2045,gassupply1,A1,retrofit,gas,152.683.025.053
239,2040,electricity,R1,2025,gasCCGT,A1,retrofit,power,8.86E-09
240,2060,CO2f,R1,2025,gasboiler,A2,retrofit,residential,1.84E-03
241,2030,CO2f,R1,2025,gasboiler,A1,retrofit,residential,4.92E-04
242,2050,gas,R1,2040,gassupply1,A1,retrofit,gas,107.514.998.497
243,2035,gas,R1,2030,gassupply1,A1,retrofit,gas,0.571129995
244,2045,CO2f,R1,2035,gasboiler,A2,retrofit,residential,2.421.771.722.336
245,2055,CO2f,R1,2025,gasboiler,A3,retrofit,residential,2.77E-03
246,2060,CO2f,R1,2055,gasboiler,A1,retrofit,residential,7.105.157.926.231
247,2045,CO2f,R1,2040,gasboiler,A3,retrofit,residential,170.349.075
248,2040,heat,R1,2030,heatpump,A2,retrofit,residential,0.22575
249,2030,electricity,R1,2025,gasCCGT,A1,retrofit,power,1.35E-08
250,2045,heat,R1,2025,gasboiler,A3,retrofit,residential,8.55E-09
251,2045,CO2f,R1,2025,gasboiler,A2,retrofit,residential,2.77E-03
252,2025,CO2f,R1,2025,gasboiler,A1,retrofit,residential,1.721.286
253,2030,CO2f,R1,2025,gassupply1,A1,retrofit,gas,14.437.861.512
254,2040,CO2f,R1,2035,gasboiler,A1,retrofit,residential,3.229.028.963.115
255,2030,heat,R1,2025,gasboiler,A3,retrofit,residential,0.125500003
256,2055,CO2f,R1,2050,gasboiler,A2,retrofit,residential,2.271.321
257,2060,CO2f,R1,2050,gassupply1,A1,retrofit,gas,13.779.019.773
258,2060,CO2f,R1,2050,gasboiler,A2,retrofit,residential,11.356.605
259,2045,CO2f,R1,2035,gasboiler,A1,retrofit,residential,6.458.057.926.231
260,2040,CO2f,R1,2035,gasboiler,A1,retrofit,residential,215.268.597.541
261,2040,heat,R1,2035,gasboiler,A3,retrofit,residential,0.498999994
262,2060,CO2f,R1,2055,gasboiler,A2,retrofit,residential,1.776.289.481.558
263,2035,heat,R1,2030,heatpump,A1,retrofit,residential,0.301
264,2040,CO2f,R1,2030,gasboiler,A3,retrofit,residential,9.738.855
265,2060,CO2f,R1,2050,gasboiler,A1,retrofit,residential,3.028.428
266,2055,heat,R1,2025,gasboiler,A2,retrofit,residential,4.27E-09
267,2035,electricity,R1,2025,windturbine,A1,retrofit,power,0.044306066
268,2050,CO2f,R1,2025,gasboiler,A3,retrofit,residential,3.69E-03
269,2050,CO2f,R1,2045,gassupply1,A1,retrofit,gas,101.788.683.369
270,2055,CO2f,R1,2050,gassupply2,A1,retrofit,gas,160.796.462.951
271,2055,CO2f,R1,2050,gasboiler,A2,retrofit,residential,34.069.815
272,2035,gas,R1,2030,gassupply1,A1,retrofit,gas,0.571129995
273,2030,electricity,R1,2025,windturbine,A1,retrofit,power,0.0329
274,2040,CO2f,R1,2025,gasboiler,A1,retrofit,residential,2.46E-04
275,2025,CO2f,R1,2025,gasboiler,A2,retrofit,residential,2.103.075
276,2045,heat,R1,2025,gasboiler,A2,retrofit,residential,4.27E-09
277,2055,CO2f,R1,2050,gassupply1,A1,retrofit,gas,41.337.059.319
278,2050,CO2f,R1,2045,gasboiler,A3,retrofit,residential,1.776.289.481.558
279,2050,CO2f,R1,2040,gassupply1,A1,retrofit,gas,246.908.548.364
280,2055,CO2f,R1,2045,gasboiler,A1,retrofit,residential,3.552.578.963.115
281,2040,heat,R1,2025,gasboiler,A2,retrofit,residential,8.55E-09
282,2030,CO2f,R1,2025,gasboiler,A2,retrofit,residential,4.358.218.444.673
283,2040,CO2f,R1,2035,gassupply1,A1,retrofit,gas,130.483.493.196
284,2030,heat,R1,2025,gasboiler,A2,retrofit,residential,0.673499991
285,2055,CO2f,R1,2025,gasboiler,A1,retrofit,residential,2.46E-04
286,2040,heat,R1,2035,gasboiler,A3,retrofit,residential,0.374249996
287,2025,CO2f,R1,2025,gasboiler,A3,retrofit,residential,31.546.125
288,2030,CO2f,R1,2025,gasCCGT,A1,retrofit,power,8.25E-03
289,2040,electricity,R1,2025,windturbine,A1,retrofit,power,0.021595109
290,2050,CO2f,R1,2045,gasboiler,A1,retrofit,residential,7.105.157.926.231
291,2055,CO2f,R1,2050,gasboiler,A1,retrofit,residential,3.028.428
292,2060,CO2f,R1,2050,gasboiler,A1,retrofit,residential,4.542.642
293,2050,heat,R1,2040,gasboiler,A3,retrofit,residential,0.1755
294,2050,heat,R1,2025,gasboiler,A2,retrofit,residential,2.85E-09
295,2050,CO2f,R1,2025,gasboiler,A3,retrofit,residential,2.77E-03
296,2040,heat,R1,2035,gasboiler,A1,retrofit,residential,0.498999994
297,2040,heat,R1,2035,gasboiler,A1,retrofit,residential,0.332666663
298,2035,CO2f,R1,2030,gassupply1,A1,retrofit,gas,13.116.019.153
299,2060,heat,R1,2025,gasboiler,A1,retrofit,residential,7.60E-09
300,2030,heat,R1,2025,gasboiler,A3,retrofit,residential,0.336749996
301,2050,CO2f,R1,2025,gasboiler,A1,retrofit,residential,3.69E-03
302,2035,CO2f,R1,2025,gasboiler,A3,retrofit,residential,1.452.739.481.558
303,2040,CO2f,R1,2025,gasboiler,A3,retrofit,residential,3.69E-03
304,2025,gas,R1,2025,gassupply1,A1,retrofit,gas,1.706.565
305,2055,heat,R1,2025,gasboiler,A3,retrofit,residential,4.27E-09
306,2060,CO2f,R1,2025,gasboiler,A1,retrofit,residential,3.69E-03
307,2060,CO2f,R1,2055,gassupply1,A1,retrofit,gas,101.788.683.369
308,2040,CO2f,R1,2035,gasboiler,A2,retrofit,residential,4.843.543.444.673
309,2060,gas,R1,2050,gassupply2,A1,retrofit,gas,0.262724977
310,2035,gas,R1,2025,gassupply1,A1,retrofit,gas,0.471516682
311,2025,CO2f,R1,2025,gasboiler,A1,retrofit,residential,2.581.929
312,2045,CO2f,R1,2025,gasboiler,A2,retrofit,residential,2.77E-03
313,2035,CO2f,R1,2025,gasboiler,A1,retrofit,residential,7.38E-03
314,2050,CO2f,R1,2045,gassupply1,A1,retrofit,gas,152.683.025.053
315,2045,CO2f,R1,2035,gasboiler,A3,retrofit,residential,1.614.514.481.558
316,2050,heat,R1,2025,gasboiler,A3,retrofit,residential,5.70E-09
317,2060,heat,R1,2025,gasboiler,A3,retrofit,residential,2.85E-09
318,2055,heat,R1,2045,gasboiler,A3,retrofit,residential,0.274499997
319,2050,CO2f,R1,2045,gasboiler,A3,retrofit,residential,5.328.868.444.673
320,2055,heat,R1,2045,gasboiler,A1,retrofit,residential,0.365999996
321,2050,heat,R1,2040,gasboiler,A1,retrofit,residential,0.234
322,2030,heat,R1,2025,gasboiler,A2,retrofit,residential,0.188250004
323,2040,heat,R1,2035,gasboiler,A1,retrofit,residential,0.665333326
324,2040,gas,R1,2035,gassupply1,A1,retrofit,gas,113.636.669.673
325,2055,heat,R1,2050,gasboiler,A1,retrofit,residential,0.234
326,2040,electricity,R1,2025,windturbine,A1,retrofit,power,0.021595109
327,2060,heat,R1,2050,gasboiler,A2,retrofit,residential,0.1755
328,2035,electricity,R1,2030,windturbine,A1,retrofit,power,0.193065088
329,2035,heat,R1,2025,gasboiler,A3,retrofit,residential,5.70E-09
330,2035,heat,R1,2025,gasboiler,A1,retrofit,residential,7.60E-09
331,2025,CO2f,R1,2025,gasboiler,A3,retrofit,residential,31.546.125
332,2060,heat,R1,2055,gasboiler,A1,retrofit,residential,0.548999994
333,2045,heat,R1,2040,gasboiler,A2,retrofit,residential,0.5265
334,2035,electricity,R1,2025,windturbine,A1,retrofit,power,0.029537377
335,2040,heat,R1,2030,heatpump,A1,retrofit,residential,0.301
336,2035,heat,R1,2025,gasboiler,A3,retrofit,residential,0.336749996
337,2030,heat,R1,2025,gasboiler,A2,retrofit,residential,0.376500009
338,2055,CO2f,R1,2050,gasboiler,A1,retrofit,residential,2.271.321
339,2025,CO2f,R1,2025,gasCCGT,A1,retrofit,power,412.515
340,2035,CO2f,R1,2025,gasboiler,A1,retrofit,residential,387.397.195.082
341,2025,CO2f,R1,2025,gasCCGT,A1,retrofit,power,6.187.725
342,2060,CO2f,R1,2055,gassupply1,A1,retrofit,gas,203.577.366.737
343,2050,CO2f,R1,2040,gasboiler,A2,retrofit,residential,34.069.815
344,2060,gas,R1,2050,gassupply1,A1,retrofit,gas,1.35
345,2055,CO2f,R1,2025,gasboiler,A1,retrofit,residential,3.69E-03
346,2030,CO2f,R1,2025,gasboiler,A1,retrofit,residential,3.69E-03
347,2055,CO2f,R1,2050,gasboiler,A3,retrofit,residential,34.069.815
348,2030,CO2f,R1,2025,gasboiler,A3,retrofit,residential,2.436.331.555.327
349,2050,heat,R1,2025,gasboiler,A2,retrofit,residential,2.85E-09
350,2030,heat,R1,2025,gasboiler,A1,retrofit,residential,0.448999994
351,2050,heat,R1,2025,gasboiler,A1,retrofit,residential,7.60E-09
352,2035,CO2f,R1,2030,gassupply1,A1,retrofit,gas,0.874401277
353,2030,CO2f,R1,2025,gassupply1,A1,retrofit,gas,21.057.710.418
354,2025,heat,R1,2025,gasboiler,A1,retrofit,residential,0.798
355,2035,CO2f,R1,2025,gasboiler,A3,retrofit,residential,2.77E-03
356,2060,CO2f,R1,2055,gassupply1,A1,retrofit,gas,101.788.683.369
357,2030,heat,R1,2025,gasboiler,A2,retrofit,residential,0.224499997
358,2055,gas,R1,2050,gassupply1,A1,retrofit,gas,0.9
359,2060,heat,R1,2025,gasboiler,A3,retrofit,residential,4.27E-09
360,2040,heat,R1,2030,gasboiler,A3,retrofit,residential,0.4515
361,2055,CO2f,R1,2050,gassupply2,A1,retrofit,gas,321.592.925.901
362,2025,electricity,R1,2025,gasCCGT,A1,retrofit,power,0.0675
363,2045,CO2f,R1,2025,gasboiler,A2,retrofit,residential,3.69E-03
364,2045,CO2f,R1,2025,gasboiler,A1,retrofit,residential,4.92E-04
365,2025,electricity,R1,2025,gasCCGT,A1,retrofit,power,0.0675
366,2045,CO2f,R1,2040,gasboiler,A2,retrofit,residential,11.356.605
367,2025,heat,R1,2025,gasboiler,A1,retrofit,residential,0.266
368,2045,heat,R1,2040,gasboiler,A3,retrofit,residential,0.1755
369,2025,CO2f,R1,2025,gasCCGT,A1,retrofit,power,6.187.725
370,2045,heat,R1,2035,gasboiler,A2,retrofit,residential,0.249499997
371,2050,CO2f,R1,2025,gasboiler,A2,retrofit,residential,2.77E-03
372,2035,heat,R1,2025,gasboiler,A3,retrofit,residential,8.55E-09
373,2030,heat,R1,2025,gasboiler,A3,retrofit,residential,0.673499991
374,2035,heat,R1,2030,heatpump,A2,retrofit,residential,0.22575
375,2030,electricity,R1,2025,windturbine,A1,retrofit,power,0.067499987
376,2025,heat,R1,2025,heatpump,A1,retrofit,residential,0.334666667
377,2055,CO2f,R1,2050,gassupply2,A1,retrofit,gas,241.194.694.426
378,2055,CO2f,R1,2050,gasboiler,A1,retrofit,residential,4.542.642
379,2060,heat,R1,2025,gasboiler,A2,retrofit,residential,4.27E-09
380,2060,heat,R1,2055,gasboiler,A1,retrofit,residential,0.365999996
381,2035,heat,R1,2025,gasboiler,A2,retrofit,residential,2.85E-09
382,2050,CO2f,R1,2025,gasboiler,A1,retrofit,residential,2.46E-04
383,2060,heat,R1,2050,gasboiler,A1,retrofit,residential,0.702
384,2035,electricity,R1,2030,windturbine,A1,retrofit,power,0.096532544
385,2040,heat,R1,2030,heatpump,A1,retrofit,residential,0.200666667
386,2040,heat,R1,2030,heatpump,A2,retrofit,residential,0.301
387,2050,heat,R1,2040,gasboiler,A3,retrofit,residential,0.5265
388,2045,CO2f,R1,2025,gasboiler,A3,retrofit,residential,5.53E-03
389,2030,CO2f,R1,2025,gassupply1,A1,retrofit,gas,10.828.396.134
390,2040,CO2f,R1,2030,gasboiler,A3,retrofit,residential,29.216.565
391,2045,heat,R1,2040,gasboiler,A3,retrofit,residential,0.351
392,2025,CO2f,R1,2025,gassupply1,A1,retrofit,gas,261.275.476.432
393,2045,CO2f,R1,2025,gasboiler,A2,retrofit,residential,1.84E-03
394,2050,CO2f,R1,2040,gasboiler,A1,retrofit,residential,1.514.214
395,2060,CO2f,R1,2050,gasboiler,A3,retrofit,residential,170.349.075
396,2050,CO2f,R1,2040,gasboiler,A1,retrofit,residential,2.271.321
397,2025,heat,R1,2025,gasboiler,A2,retrofit,residential,0.325
398,2040,CO2f,R1,2035,gasboiler,A2,retrofit,residential,1.614.514.481.558
399,2060,CO2f,R1,2025,gasboiler,A1,retrofit,residential,2.46E-04
400,2050,CO2f,R1,2040,gasboiler,A3,retrofit,residential,2.271.321
401,2035,heat,R1,2030,heatpump,A2,retrofit,residential,0.1505
402,2040,CO2f,R1,2035,gasboiler,A1,retrofit,residential,6.458.057.926.231
403,2055,CO2f,R1,2025,gasboiler,A2,retrofit,residential,1.84E-03
404,2030,CO2f,R1,2025,gasCCGT,A1,retrofit,power,2.48E-01
405,2055,CO2f,R1,2045,gasboiler,A2,retrofit,residential,5.328.868.444.673
406,2060,gas,R1,2055,gassupply1,A1,retrofit,gas,199.455.004.509
407,2060,heat,R1,2025,gasboiler,A3,retrofit,residential,4.27E-09
408,2035,heat,R1,2030,heatpump,A2,retrofit,residential,0.1505
409,2060,CO2f,R1,2050,gassupply1,A1,retrofit,gas,27.558.039.546
410,2030,heat,R1,2025,gasboiler,A1,retrofit,residential,5.70E-09
411,2050,CO2f,R1,2040,gasboiler,A2,retrofit,residential,170.349.075
412,2050,heat,R1,2045,gasboiler,A1,retrofit,residential,0.365999996
413,2050,CO2f,R1,2045,gasboiler,A1,retrofit,residential,3.552.578.963.115
414,2040,CO2f,R1,2035,gasboiler,A1,retrofit,residential,430.537.195.082
415,2050,CO2f,R1,2040,gasboiler,A2,retrofit,residential,11.356.605
416,2035,heat,R1,2025,gasboiler,A2,retrofit,residential,0.224499997
417,2055,CO2f,R1,2045,gasboiler,A2,retrofit,residential,3.552.578.963.115
418,2050,heat,R1,2045,gasboiler,A3,retrofit,residential,0.274499997
419,2035,heat,R1,2025,gasboiler,A1,retrofit,residential,0.29933333
420,2050,heat,R1,2025,gasboiler,A1,retrofit,residential,3.80E-09
421,2050,CO2f,R1,2025,gasboiler,A1,retrofit,residential,3.69E-03
422,2060,CO2f,R1,2055,gasboiler,A2,retrofit,residential,5.328.868.444.673
423,2040,heat,R1,2030,heatpump,A2,retrofit,residential,0.4515
424,2055,gas,R1,2050,gassupply2,A1,retrofit,gas,0.262724977
425,2030,electricity,R1,2025,gasCCGT,A1,retrofit,power,2.70E-08
426,2055,heat,R1,2050,gasboiler,A2,retrofit,residential,0.5265
427,2040,electricity,R1,2030,windturbine,A1,retrofit,power,0.144798816
428,2060,CO2f,R1,2025,gasboiler,A2,retrofit,residential,5.53E-03
429,2030,heat,R1,2025,gasboiler,A1,retrofit,residential,0.598666659
430,2035,CO2f,R1,2025,gassupply1,A1,retrofit,gas,0.721893076
431,2045,CO2f,R1,2035,gasboiler,A3,retrofit,residential,4.843.543.444.673
432,2045,CO2f,R1,2025,gasboiler,A1,retrofit,residential,2.46E-04
433,2035,CO2f,R1,2025,gasboiler,A1,retrofit,residential,3.69E-03
434,2060,CO2f,R1,2025,gasboiler,A3,retrofit,residential,3.69E-03
435,2040,heat,R1,2035,gasboiler,A3,retrofit,residential,0.249499997
436,2040,electricity,R1,2025,gasCCGT,A1,retrofit,power,1.77E-05
437,2055,heat,R1,2050,gasboiler,A1,retrofit,residential,0.702
438,2045,CO2f,R1,2025,gasboiler,A1,retrofit,residential,2.46E-04
439,2030,CO2f,R1,2025,gassupply1,A1,retrofit,gas,157.932.828.135
440,2055,CO2f,R1,2050,gassupply1,A1,retrofit,gas,13.779.019.773
441,2055,CO2f,R1,2025,gasboiler,A2,retrofit,residential,3.69E-03
442,2055,heat,R1,2050,gasboiler,A3,retrofit,residential,0.351
443,2045,gas,R1,2040,gassupply1,A1,retrofit,gas,107.514.998.497
444,2060,heat,R1,2025,gasboiler,A3,retrofit,residential,8.55E-09
445,2025,heat,R1,2025,gasboiler,A1,retrofit,residential,0.399
446,2055,CO2f,R1,2050,gassupply1,A1,retrofit,gas,206.685.296.595
447,2040,CO2f,R1,2025,gasCCGT,A1,retrofit,power,8.12E-03
448,2055,heat,R1,2050,gasboiler,A1,retrofit,residential,0.351
449,2045,heat,R1,2025,gasboiler,A2,retrofit,residential,2.85E-09
450,2030,electricity,R1,2025,gasCCGT,A1,retrofit,power,1.80E-08
451,2050,heat,R1,2045,gasboiler,A3,retrofit,residential,0.823499991
452,2035,CO2f,R1,2025,gasboiler,A3,retrofit,residential,4.358.218.444.673
453,2060,heat,R1,2055,gasboiler,A1,retrofit,residential,0.548999994
454,2060,CO2f,R1,2055,gasboiler,A1,retrofit,residential,3.552.578.963.115
455,2055,gas,R1,2050,gassupply1,A1,retrofit,gas,1.35
456,2055,heat,R1,2050,gasboiler,A2,retrofit,residential,0.26325
457,2060,CO2f,R1,2025,gasboiler,A2,retrofit,residential,3.69E-03
458,2040,heat,R1,2030,gasboiler,A3,retrofit,residential,0.1505
459,2030,heat,R1,2025,gasboiler,A3,retrofit,residential,0.125500003
460,2030,heat,R1,2025,gasboiler,A3,retrofit,residential,0.251000006
461,2040,CO2f,R1,2025,gasboiler,A2,retrofit,residential,2.77E-03
462,2040,heat,R1,2025,gasboiler,A3,retrofit,residential,4.27E-09
463,2030,CO2f,R1,2025,gasboiler,A2,retrofit,residential,812.110.518.442
464,2055,CO2f,R1,2025,gasboiler,A2,retrofit,residential,5.53E-03
465,2040,electricity,R1,2025,windturbine,A1,retrofit,power,0.014396739
466,2055,heat,R1,2050,gasboiler,A1,retrofit,residential,0.468
467,2035,CO2f,R1,2030,gasboiler,A3,retrofit,residential,29.216.565
468,2025,CO2f,R1,2025,gasCCGT,A1,retrofit,power,82.503
469,2025,CO2f,R1,2025,gasboiler,A3,retrofit,residential,2.103.075
470,2025,CO2f,R1,2025,gassupply1,A1,retrofit,gas,522.550.952.865
471,2045,heat,R1,2025,gasboiler,A3,retrofit,residential,4.27E-09
472,2025,electricity,R1,2025,windturbine,A1,retrofit,power,0.021933333
473,2025,CO2f,R1,2025,gasboiler,A2,retrofit,residential,2.103.075
474,2040,heat,R1,2030,gasboiler,A3,retrofit,residential,0.22575
475,2050,CO2f,R1,2040,gasboiler,A3,retrofit,residential,34.069.815
476,2060,CO2f,R1,2050,gasboiler,A2,retrofit,residential,11.356.605
477,2050,CO2f,R1,2045,gasboiler,A1,retrofit,residential,3.552.578.963.115
478,2045,CO2f,R1,2025,gasboiler,A2,retrofit,residential,1.84E-03
479,2050,heat,R1,2040,gasboiler,A1,retrofit,residential,0.468
480,2055,heat,R1,2045,gasboiler,A2,retrofit,residential,0.823499991
481,2035,electricity,R1,2025,gasCCGT,A1,retrofit,power,1.77E-05
482,2030,CO2f,R1,2025,gasboiler,A3,retrofit,residential,2.179.109.222.336
483,2050,CO2f,R1,2040,gasboiler,A1,retrofit,residential,1.514.214
484,2060,CO2f,R1,2025,gasboiler,A1,retrofit,residential,7.38E-03
485,2035,CO2f,R1,2025,gassupply1,A1,retrofit,gas,0.721893076
486,2060,CO2f,R1,2050,gassupply1,A1,retrofit,gas,206.685.296.595
487,2045,gas,R1,2040,gassupply1,A1,retrofit,gas,107.514.998.497
488,2030,gas,R1,2025,gassupply1,A1,retrofit,gas,1.031.565
489,2025,gas,R1,2025,gassupply1,A1,retrofit,gas,1.706.565
490,2055,heat,R1,2025,gasboiler,A2,retrofit,residential,2.85E-09
491,2050,CO2f,R1,2045,gasboiler,A1,retrofit,residential,236.838.597.541
492,2055,gas,R1,2045,gassupply1,A1,retrofit,gas,0.997275023
493,2060,heat,R1,2025,gasboiler,A1,retrofit,residential,5.70E-09
494,2055,CO2f,R1,2025,gasboiler,A1,retrofit,residential,4.92E-04
495,2050,heat,R1,2025,gasboiler,A3,retrofit,residential,4.27E-09
496,2055,CO2f,R1,2025,gasboiler,A2,retrofit,residential,2.77E-03
497,2060,CO2f,R1,2055,gasboiler,A3,retrofit,residential,2.664.434.222.336
498,2040,electricity,R1,2025,windturbine,A1,retrofit,power,0.088612132
499,2050,gas,R1,2040,gassupply1,A1,retrofit,gas,215.029.996.994
500,2050,gas,R1,2040,gassupply1,A1,retrofit,gas,107.514.998.497
501,2040,CO2f,R1,2030,gassupply1,A1,retrofit,gas,13.116.019.153
502,2030,CO2f,R1,2025,gasboiler,A3,retrofit,residential,812.110.518.442
503,2030,gas,R1,2025,gassupply1,A1,retrofit,gas,0.68771
504,2050,heat,R1,2025,gasboiler,A2,retrofit,residential,4.27E-09
505,2035,CO2f,R1,2025,gasboiler,A2,retrofit,residential,2.905.478.963.115
506,2050,CO2f,R1,2040,gasboiler,A1,retrofit,residential,4.542.642
507,2040,CO2f,R1,2030,gasboiler,A3,retrofit,residential,9.738.855
508,2035,electricity,R1,2030,windturbine,A1,retrofit,power,0.096532544
509,2040,gas,R1,2030,gassupply1,A1,retrofit,gas,171.338.998.451
510,2060,heat,R1,2025,gasboiler,A2,retrofit,residential,2.85E-09
511,2025,electricity,R1,2025,windturbine,A1,retrofit,power,0.0329
512,2030,heat,R1,2025,gasboiler,A1,retrofit,residential,3.80E-09
513,2030,CO2f,R1,2025,gasboiler,A3,retrofit,residential,2.905.478.963.115
514,2045,heat,R1,2035,gasboiler,A1,retrofit,residential,0.498999994
515,2030,CO2f,R1,2025,gassupply1,A1,retrofit,gas,10.528.855.209
516,2040,electricity,R1,2025,windturbine,A1,retrofit,power,0.014396739
517,2050,CO2f,R1,2045,gasboiler,A3,retrofit,residential,3.552.578.963.115
518,2055,heat,R1,2050,gasboiler,A3,retrofit,residential,0.26325
519,2040,CO2f,R1,2035,gassupply1,A1,retrofit,gas,173.977.990.929
520,2025,heat,R1,2025,heatpump,A1,retrofit,residential,0.167333333
521,2060,heat,R1,2050,gasboiler,A1,retrofit,residential,0.351
522,2060,heat,R1,2025,gasboiler,A1,retrofit,residential,3.80E-09
523,2040,CO2f,R1,2035,gassupply1,A1,retrofit,gas,260.966.986.393
524,2060,heat,R1,2050,gasboiler,A2,retrofit,residential,0.351
525,2035,heat,R1,2025,gasboiler,A2,retrofit,residential,4.28E-09
526,2035,heat,R1,2025,gasboiler,A2,retrofit,residential,0.224499997
527,2045,gas,R1,2040,gassupply1,A1,retrofit,gas,322.544.995.491
528,2060,heat,R1,2025,gasboiler,A2,retrofit,residential,8.55E-09
529,2030,CO2f,R1,2025,gasboiler,A2,retrofit,residential,812.110.518.442
530,2025,electricity,R1,2025,gasCCGT,A1,retrofit,power,0.045
531,2045,heat,R1,2035,gasboiler,A3,retrofit,residential,0.498999994
532,2045,CO2f,R1,2040,gassupply1,A1,retrofit,gas,329.211.397.819
533,2060,CO2f,R1,2050,gasboiler,A3,retrofit,residential,34.069.815
534,2035,CO2f,R1,2025,gasCCGT,A1,retrofit,power,8.12E-03
535,2060,CO2f,R1,2055,gasboiler,A1,retrofit,residential,473.677.195.082
536,2060,CO2f,R1,2050,gassupply2,A1,retrofit,gas,321.592.925.901
537,2040,heat,R1,2025,gasboiler,A2,retrofit,residential,2.85E-09
538,2040,electricity,R1,2025,windturbine,A1,retrofit,power,0.043190218
539,2050,heat,R1,2045,gasboiler,A1,retrofit,residential,0.548999994
540,2030,heat,R1,2025,gasboiler,A2,retrofit,residential,0.125500003
541,2050,heat,R1,2045,gasboiler,A3,retrofit,residential,0.548999994
542,2055,gas,R1,2045,gassupply1,A1,retrofit,gas,132.970.003.006
543,2045,CO2f,R1,2040,gasboiler,A1,retrofit,residential,2.271.321
544,2050,heat,R1,2025,gasboiler,A2,retrofit,residential,8.55E-09
545,2045,heat,R1,2040,gasboiler,A1,retrofit,residential,0.351
546,2055,heat,R1,2045,gasboiler,A3,retrofit,residential,0.274499997
547,2025,CO2f,R1,2025,gasboiler,A1,retrofit,residential,2.581.929
548,2060,CO2f,R1,2055,gassupply1,A1,retrofit,gas,305.366.050.106
549,2060,CO2f,R1,2050,gasboiler,A1,retrofit,residential,1.514.214
550,2030,CO2f,R1,2025,gassupply1,A1,retrofit,gas,10.528.855.209
551,2040,electricity,R1,2025,gasCCGT,A1,retrofit,power,5.91E-09
552,2045,CO2f,R1,2040,gasboiler,A1,retrofit,residential,1.514.214
553,2060,CO2f,R1,2055,gasboiler,A1,retrofit,residential,236.838.597.541
554,2040,electricity,R1,2030,windturbine,A1,retrofit,power,0.193065088
555,2040,electricity,R1,2030,windturbine,A1,retrofit,power,0.144798816
556,2045,gas,R1,2035,gassupply1,A1,retrofit,gas,0.568183348
557,2055,heat,R1,2050,gasboiler,A2,retrofit,residential,0.1755
558,2045,CO2f,R1,2035,gassupply1,A1,retrofit,gas,0.869889955
559,2035,gas,R1,2030,gassupply1,A1,retrofit,gas,0.856694992
560,2025,CO2f,R1,2025,gasboiler,A2,retrofit,residential,31.546.125
561,2045,heat,R1,2035,gasboiler,A1,retrofit,residential,0.332666663
562,2030,electricity,R1,2025,gasCCGT,A1,retrofit,power,1.35E-08
563,2035,electricity,R1,2030,windturbine,A1,retrofit,power,0.144798816
564,2040,CO2f,R1,2025,gasboiler,A1,retrofit,residential,7.38E-03
565,2060,CO2f,R1,2050,gassupply2,A1,retrofit,gas,482.389.388.852
566,2055,CO2f,R1,2025,gasboiler,A1,retrofit,residential,2.46E-04
567,2035,heat,R1,2030,gasboiler,A3,retrofit,residential,0.22575
568,2040,electricity,R1,2025,windturbine,A1,retrofit,power,0.044306066
569,2050,heat,R1,2040,gasboiler,A3,retrofit,residential,0.26325
570,2060,heat,R1,2050,gasboiler,A2,retrofit,residential,0.26325
571,2035,gas,R1,2025,gassupply1,A1,retrofit,gas,141.455.004.509
572,2055,CO2f,R1,2050,gassupply2,A1,retrofit,gas,482.389.388.852
573,2055,heat,R1,2025,gasboiler,A3,retrofit,residential,5.70E-09
574,2030,CO2f,R1,2025,gasboiler,A3,retrofit,residential,4.358.218.444.673
575,2050,heat,R1,2040,gasboiler,A1,retrofit,residential,0.234
576,2040,electricity,R1,2025,gasCCGT,A1,retrofit,power,8.86E-09
577,2040,heat,R1,2025,gasboiler,A1,retrofit,residential,7.60E-09
578,2060,CO2f,R1,2025,gasboiler,A3,retrofit,residential,5.53E-03
579,2030,CO2f,R1,2025,gasCCGT,A1,retrofit,power,1.65E-01
580,2035,gas,R1,2025,gassupply1,A1,retrofit,gas,0.471516682
581,2060,heat,R1,2055,gasboiler,A2,retrofit,residential,0.411749996
582,2060,heat,R1,2050,gasboiler,A1,retrofit,residential,0.234
583,2055,CO2f,R1,2045,gasboiler,A2,retrofit,residential,1.776.289.481.558
584,2050,heat,R1,2045,gasboiler,A2,retrofit,residential,0.411749996
585,2055,gas,R1,2045,gassupply1,A1,retrofit,gas,0.664850015
586,2040,CO2f,R1,2030,gassupply1,A1,retrofit,gas,0.874401277
587,2025,heat,R1,2025,gasboiler,A2,retrofit,residential,0.4875
588,2055,CO2f,R1,2050,gasboiler,A2,retrofit,residential,170.349.075
589,2045,heat,R1,2040,gasboiler,A1,retrofit,residential,0.351
590,2055,heat,R1,2025,gasboiler,A2,retrofit,residential,4.27E-09
591,2025,heat,R1,2025,gasboiler,A3,retrofit,residential,0.325
592,2030,electricity,R1,2025,windturbine,A1,retrofit,power,0.134999973
593,2040,CO2f,R1,2035,gassupply1,A1,retrofit,gas,0.869889955
594,2060,heat,R1,2050,gasboiler,A3,retrofit,residential,0.1755
595,2055,CO2f,R1,2025,gasboiler,A3,retrofit,residential,1.84E-03
596,2055,CO2f,R1,2045,gasboiler,A1,retrofit,residential,236.838.597.541
597,2030,heat,R1,2025,gasboiler,A3,retrofit,residential,0.448999994
598,2055,gas,R1,2050,gassupply2,A1,retrofit,gas,0.175149985
599,2055,CO2f,R1,2050,gassupply1,A1,retrofit,gas,13.779.019.773
600,2040,heat,R1,2025,gasboiler,A2,retrofit,residential,5.70E-09
601,2035,heat,R1,2025,gasboiler,A1,retrofit,residential,5.70E-09
602,2025,heat,R1,2025,gasboiler,A1,retrofit,residential,0.266
603,2035,CO2f,R1,2025,gasboiler,A2,retrofit,residential,2.77E-03
604,2040,CO2f,R1,2035,gasboiler,A3,retrofit,residential,1.614.514.481.558
605,2035,CO2f,R1,2025,gasCCGT,A1,retrofit,power,8.12E-03
606,2030,heat,R1,2025,gasboiler,A3,retrofit,residential,0.188250004
607,2055,CO2f,R1,2050,gasboiler,A1,retrofit,residential,1.514.214
608,2040,CO2f,R1,2035,gasboiler,A2,retrofit,residential,2.421.771.722.336
609,2035,CO2f,R1,2025,gasboiler,A3,retrofit,residential,2.179.109.222.336
610,2035,heat,R1,2025,gasboiler,A2,retrofit,residential,2.85E-09
611,2040,CO2f,R1,2030,gassupply1,A1,retrofit,gas,0.874401277
612,2040,heat,R1,2030,gasboiler,A3,retrofit,residential,0.301
613,2050,CO2f,R1,2045,gassupply1,A1,retrofit,gas,101.788.683.369
614,2030,electricity,R1,2025,windturbine,A1,retrofit,power,0.021933333
615,2035,gas,R1,2030,gassupply1,A1,retrofit,gas,171.338.998.451
616,2040,CO2f,R1,2025,gasboiler,A2,retrofit,residential,1.84E-03
617,2035,CO2f,R1,2030,gassupply1,A1,retrofit,gas,174.880.255.373
618,2055,heat,R1,2050,gasboiler,A3,retrofit,residential,0.26325
619,2055,CO2f,R1,2050,gasboiler,A1,retrofit,residential,1.514.214
620,2025,heat,R1,2025,gasboiler,A2,retrofit,residential,0.4875
621,2035,CO2f,R1,2030,gasboiler,A3,retrofit,residential,146.082.825
622,2050,CO2f,R1,2040,gassupply1,A1,retrofit,gas,329.211.397.819
623,2035,heat,R1,2030,heatpump,A1,retrofit,residential,0.301
624,2025,heat,R1,2025,gasboiler,A3,retrofit,residential,0.65
625,2035,CO2f,R1,2025,gasboiler,A1,retrofit,residential,193.698.597.541
626,2035,CO2f,R1,2025,gasboiler,A3,retrofit,residential,1.452.739.481.558
627,2050,CO2f,R1,2040,gasboiler,A2,retrofit,residential,11.356.605
628,2025,CO2f,R1,2025,gasboiler,A3,retrofit,residential,420.615
629,2025,heat,R1,2025,heatpump,A1,retrofit,residential,0.251
630,2045,CO2f,R1,2040,gassupply1,A1,retrofit,gas,493.817.096.728
631,2025,CO2f,R1,2025,gasboiler,A2,retrofit,residential,420.615
632,2060,heat,R1,2050,gasboiler,A2,retrofit,residential,0.1755
633,2030,CO2f,R1,2025,gasboiler,A3,retrofit,residential,1.452.739.481.558
634,2050,heat,R1,2040,gasboiler,A1,retrofit,residential,0.351
635,2045,heat,R1,2025,gasboiler,A1,retrofit,residential,5.70E-09
636,2040,CO2f,R1,2025,gasboiler,A3,retrofit,residential,2.77E-03
637,2045,heat,R1,2025,gasboiler,A3,retrofit,residential,2.85E-09
638,2060,heat,R1,2055,gasboiler,A1,retrofit,residential,10.979.999.886
639,2035,electricity,R1,2030,windturbine,A1,retrofit,power,0.289597632
640,2030,CO2f,R1,2025,gasboiler,A1,retrofit,residential,387.397.195.082
641,2050,heat,R1,2045,gasboiler,A3,retrofit,residential,0.411749996
642,2025,heat,R1,2025,gasboiler,A2,retrofit,residential,0.975
643,2030,CO2f,R1,2025,gasCCGT,A1,retrofit,power,1.24E-01
644,2060,CO2f,R1,2055,gasboiler,A3,retrofit,residential,2.664.434.222.336
645,2055,gas,R1,2050,gassupply1,A1,retrofit,gas,0.9
646,2025,heat,R1,2025,gasboiler,A1,retrofit,residential,0.532
647,2025,CO2f,R1,2025,gassupply1,A1,retrofit,gas,174.183.650.955
648,2025,electricity,R1,2025,gasCCGT,A1,retrofit,power,0.09
649,2060,heat,R1,2055,gasboiler,A3,retrofit,residential,0.411749996
650,2035,heat,R1,2025,gasboiler,A1,retrofit,residential,0.448999994
651,2045,heat,R1,2035,gasboiler,A1,retrofit,residential,0.997999989
652,2045,gas,R1,2040,gassupply1,A1,retrofit,gas,161.272.497.745
653,2060,heat,R1,2050,gasboiler,A2,retrofit,residential,0.26325
654,2050,CO2f,R1,2025,gasboiler,A1,retrofit,residential,7.38E-03
655,2060,CO2f,R1,2025,gasboiler,A1,retrofit,residential,3.69E-03
656,2030,CO2f,R1,2025,gasboiler,A1,retrofit,residential,3.69E-03
657,2030,gas,R1,2025,gassupply1,A1,retrofit,gas,0.471516682
658,2045,heat,R1,2035,gasboiler,A3,retrofit,residential,0.249499997
659,2055,CO2f,R1,2050,gasboiler,A1,retrofit,residential,2.271.321
660,2035,electricity,R1,2025,windturbine,A1,retrofit,power,0.028793479
661,2050,CO2f,R1,2045,gassupply1,A1,retrofit,gas,203.577.366.737
662,2035,CO2f,R1,2025,gasboiler,A2,retrofit,residential,1.452.739.481.558
663,2045,gas,R1,2035,gassupply1,A1,retrofit,gas,0.852275023
664,2045,CO2f,R1,2040,gasboiler,A1,retrofit,residential,2.271.321
665,2040,heat,R1,2030,heatpump,A2,retrofit,residential,0.22575
666,2060,gas,R1,2055,gassupply1,A1,retrofit,gas,0.997275023
667,2030,CO2f,R1,2025,gasboiler,A2,retrofit,residential,2.179.109.222.336
668,2030,CO2f,R1,2025,gassupply1,A1,retrofit,gas,0.721893076
669,2025,CO2f,R1,2025,gasboiler,A1,retrofit,residential,3.442.572
670,2035,gas,R1,2025,gassupply1,A1,retrofit,gas,0.943033363
671,2040,CO2f,R1,2025,gasboiler,A3,retrofit,residential,1.84E-03
672,2030,CO2f,R1,2025,gasboiler,A2,retrofit,residential,2.436.331.555.327
673,2040,heat,R1,2030,heatpump,A1,retrofit,residential,0.301
674,2030,gas,R1,2025,gassupply1,A1,retrofit,gas,137.542
675,2030,heat,R1,2025,gasboiler,A3,retrofit,residential,0.336749996
676,2060,CO2f,R1,2050,gasboiler,A1,retrofit,residential,2.271.321
677,2045,heat,R1,2040,gasboiler,A3,retrofit,residential,0.1755
678,2030,CO2f,R1,2025,gasboiler,A2,retrofit,residential,1.452.739.481.558
679,2055,CO2f,R1,2045,gasboiler,A3,retrofit,residential,5.328.868.444.673
680,2050,CO2f,R1,2040,gasboiler,A3,retrofit,residential,11.356.605
681,2040,CO2f,R1,2035,gasboiler,A3,retrofit,residential,4.843.543.444.673
682,2055,CO2f,R1,2045,gasboiler,A2,retrofit,residential,1.776.289.481.558
683,2060,CO2f,R1,2025,gasboiler,A3,retrofit,residential,2.77E-03
684,2030,heat,R1,2025,heatpump,A1,retrofit,residential,0.167333333
685,2035,CO2f,R1,2025,gasboiler,A1,retrofit,residential,2.905.478.963.115
686,2055,heat,R1,2045,gasboiler,A2,retrofit,residential,0.548999994
687,2060,heat,R1,2050,gasboiler,A1,retrofit,residential,0.468
688,2045,CO2f,R1,2040,gassupply1,A1,retrofit,gas,164.605.698.909
689,2045,heat,R1,2040,gasboiler,A2,retrofit,residential,0.351
690,2050,CO2f,R1,2040,gassupply1,A1,retrofit,gas,246.908.548.364
691,2050,CO2f,R1,2040,gasboiler,A3,retrofit,residential,170.349.075
692,2040,heat,R1,2030,heatpump,A2,retrofit,residential,0.1505
693,2040,heat,R1,2030,heatpump,A1,retrofit,residential,0.200666667
694,2055,CO2f,R1,2045,gassupply1,A1,retrofit,gas,101.788.683.369
695,2040,heat,R1,2035,gasboiler,A2,retrofit,residential,0.249499997
696,2035,electricity,R1,2025,gasCCGT,A1,retrofit,power,5.91E-09
697,2050,heat,R1,2040,gasboiler,A2,retrofit,residential,0.1755
698,2040,gas,R1,2035,gassupply1,A1,retrofit,gas,0.852275023
699,2045,heat,R1,2025,gasboiler,A2,retrofit,residential,4.27E-09
700,2055,CO2f,R1,2050,gassupply1,A1,retrofit,gas,206.685.296.595
701,2035,CO2f,R1,2025,gassupply1,A1,retrofit,gas,10.828.396.134
702,2050,CO2f,R1,2025,gasboiler,A1,retrofit,residential,2.46E-04
703,2060,CO2f,R1,2055,gassupply1,A1,retrofit,gas,152.683.025.053
704,2060,CO2f,R1,2025,gasboiler,A3,retrofit,residential,1.84E-03
705,2035,electricity,R1,2025,gasCCGT,A1,retrofit,power,1.18E-05
706,2025,heat,R1,2025,gasboiler,A2,retrofit,residential,0.65
707,2030,heat,R1,2025,gasboiler,A2,retrofit,residential,0.224499997
708,2055,CO2f,R1,2025,gasboiler,A1,retrofit,residential,3.69E-03
709,2060,heat,R1,2055,gasboiler,A1,retrofit,residential,0.365999996
710,2030,heat,R1,2025,gasboiler,A3,retrofit,residential,0.224499997
711,2030,CO2f,R1,2025,gasboiler,A2,retrofit,residential,2.905.478.963.115
712,2035,heat,R1,2025,gasboiler,A2,retrofit,residential,0.673499991
713,2025,heat,R1,2025,heatpump,A1,retrofit,residential,0.251
714,2035,heat,R1,2025,gasboiler,A1,retrofit,residential,5.70E-09
715,2045,CO2f,R1,2040,gasboiler,A1,retrofit,residential,4.542.642
716,2040,heat,R1,2035,gasboiler,A2,retrofit,residential,0.249499997
717,2045,CO2f,R1,2025,gasboiler,A3,retrofit,residential,1.84E-03
718,2030,gas,R1,2025,gassupply1,A1,retrofit,gas,0.471516682
719,2030,CO2f,R1,2025,gasboiler,A3,retrofit,residential,1.218.165.777.664
720,2040,gas,R1,2035,gassupply1,A1,retrofit,gas,0.852275023
721,2040,CO2f,R1,2035,gasboiler,A2,retrofit,residential,2.421.771.722.336
722,2040,CO2f,R1,2025,gasboiler,A3,retrofit,residential,2.77E-03
723,2060,heat,R1,2025,gasboiler,A3,retrofit,residential,2.85E-09
724,2035,electricity,R1,2025,windturbine,A1,retrofit,power,0.043190218
725,2035,heat,R1,2030,gasboiler,A3,retrofit,residential,0.22575
726,2055,heat,R1,2025,gasboiler,A3,retrofit,residential,8.55E-09
727,2040,heat,R1,2025,gasboiler,A1,retrofit,residential,5.70E-09
728,2035,CO2f,R1,2025,gasboiler,A2,retrofit,residential,5.53E-03
729,2030,CO2f,R1,2025,gasboiler,A3,retrofit,residential,2.179.109.222.336
730,2045,heat,R1,2040,gasboiler,A2,retrofit,residential,0.1755
731,2055,CO2f,R1,2025,gasboiler,A3,retrofit,residential,5.53E-03
732,2030,heat,R1,2025,gasboiler,A1,retrofit,residential,7.60E-09
733,2050,heat,R1,2045,gasboiler,A2,retrofit,residential,0.548999994
734,2060,gas,R1,2050,gassupply1,A1,retrofit,gas,1.8
735,2030,gas,R1,2025,gassupply1,A1,retrofit,gas,0.943033363
736,2060,heat,R1,2050,gasboiler,A3,retrofit,residential,0.26325
737,2050,CO2f,R1,2045,gasboiler,A3,retrofit,residential,2.664.434.222.336
738,2055,heat,R1,2045,gasboiler,A2,retrofit,residential,0.274499997
739,2050,gas,R1,2045,gassupply1,A1,retrofit,gas,0.997275023
740,2045,heat,R1,2025,gasboiler,A3,retrofit,residential,2.85E-09
741,2050,heat,R1,2045,gasboiler,A2,retrofit,residential,0.411749996
742,2060,heat,R1,2055,gasboiler,A3,retrofit,residential,0.274499997
743,2055,CO2f,R1,2050,gasboiler,A2,retrofit,residential,170.349.075
744,2040,heat,R1,2030,gasboiler,A3,retrofit,residential,0.1505
745,2030,heat,R1,2025,gasboiler,A1,retrofit,residential,0.29933333
746,2060,CO2f,R1,2050,gassupply1,A1,retrofit,gas,13.779.019.773
747,2055,heat,R1,2050,gasboiler,A2,retrofit,residential,0.1755
748,2055,heat,R1,2025,gasboiler,A2,retrofit,residential,8.55E-09
749,2045,CO2f,R1,2040,gasboiler,A2,retrofit,residential,34.069.815
750,2050,heat,R1,2040,gasboiler,A1,retrofit,residential,0.351
751,2055,CO2f,R1,2045,gasboiler,A3,retrofit,residential,1.776.289.481.558
752,2040,heat,R1,2025,gasboiler,A3,retrofit,residential,2.85E-09
753,2030,heat,R1,2025,gasboiler,A1,retrofit,residential,0.29933333
754,2045,CO2f,R1,2040,gasboiler,A3,retrofit,residential,11.356.605
755,2025,electricity,R1,2025,gasCCGT,A1,retrofit,power,0.045
756,2050,heat,R1,2040,gasboiler,A2,retrofit,residential,0.26325
757,2055,gas,R1,2045,gassupply1,A1,retrofit,gas,0.664850015
758,2025,CO2f,R1,2025,gasboiler,A2,retrofit,residential,31.546.125
759,2060,gas,R1,2055,gassupply1,A1,retrofit,gas,0.664850015
760,2060,CO2f,R1,2050,gasboiler,A3,retrofit,residential,2.271.321
761,2045,heat,R1,2025,gasboiler,A3,retrofit,residential,5.70E-09
762,2045,heat,R1,2025,gasboiler,A1,retrofit,residential,7.60E-09
763,2025,heat,R1,2025,heatpump,A1,retrofit,residential,0.502
764,2050,CO2f,R1,2040,gasboiler,A3,retrofit,residential,11.356.605
765,2060,heat,R1,2055,gasboiler,A2,retrofit,residential,0.274499997
766,2030,CO2f,R1,2025,gasboiler,A3,retrofit,residential,1.452.739.481.558
767,2050,heat,R1,2025,gasboiler,A2,retrofit,residential,5.70E-09
768,2050,heat,R1,2040,gasboiler,A3,retrofit,residential,0.1755
769,2040,CO2f,R1,2025,gasboiler,A1,retrofit,residential,3.69E-03
770,2050,heat,R1,2045,gasboiler,A3,retrofit,residential,0.411749996
771,2060,heat,R1,2055,gasboiler,A3,retrofit,residential,0.823499991
772,2050,CO2f,R1,2045,gasboiler,A2,retrofit,residential,3.552.578.963.115
773,2030,heat,R1,2025,gasboiler,A2,retrofit,residential,0.125500003
774,2045,heat,R1,2025,gasboiler,A3,retrofit,residential,4.27E-09
775,2060,heat,R1,2025,gasboiler,A1,retrofit,residential,5.70E-09
776,2035,electricity,R1,2030,windturbine,A1,retrofit,power,0.144798816
777,2035,CO2f,R1,2030,gasboiler,A3,retrofit,residential,1.947.771
778,2030,electricity,R1,2025,windturbine,A1,retrofit,power,0.0658
779,2035,CO2f,R1,2025,gasCCGT,A1,retrofit,power,1.62E-01
780,2060,CO2f,R1,2055,gasboiler,A3,retrofit,residential,3.552.578.963.115
781,2060,CO2f,R1,2050,gassupply2,A1,retrofit,gas,160.796.462.951
782,2040,CO2f,R1,2035,gasboiler,A2,retrofit,residential,1.614.514.481.558
783,2055,heat,R1,2025,gasboiler,A1,retrofit,residential,5.70E-09
784,2060,heat,R1,2055,gasboiler,A1,retrofit,residential,0.731999992
785,2035,heat,R1,2025,gasboiler,A1,retrofit,residential,0.598666659
786,2025,CO2f,R1,2025,gasboiler,A2,retrofit,residential,6.309.225
787,2045,CO2f,R1,2035,gasboiler,A3,retrofit,residential,1.614.514.481.558
788,2040,CO2f,R1,2025,gasCCGT,A1,retrofit,power,8.12E-03
789,2050,CO2f,R1,2045,gassupply1,A1,retrofit,gas,305.366.050.106
790,2050,heat,R1,2025,gasboiler,A3,retrofit,residential,2.85E-09
791,2050,CO2f,R1,2040,gassupply1,A1,retrofit,gas,493.817.096.728
792,2035,CO2f,R1,2025,gasboiler,A1,retrofit,residential,2.46E-04
793,2055,CO2f,R1,2045,gasboiler,A1,retrofit,residential,3.552.578.963.115
794,2060,heat,R1,2050,gasboiler,A3,retrofit,residential,0.1755
795,2045,CO2f,R1,2040,gasboiler,A3,retrofit,residential,34.069.815
796,2040,CO2f,R1,2025,gasboiler,A2,retrofit,residential,2.77E-03
797,2045,CO2f,R1,2025,gasboiler,A1,retrofit,residential,7.38E-03
798,2050,CO2f,R1,2040,gasboiler,A1,retrofit,residential,2.271.321
799,2040,gas,R1,2030,gassupply1,A1,retrofit,gas,0.571129995
800,2025,CO2f,R1,2025,gasboiler,A3,retrofit,residential,6.309.225
801,2050,gas,R1,2040,gassupply1,A1,retrofit,gas,161.272.497.745
802,2040,electricity,R1,2025,windturbine,A1,retrofit,power,0.044306066
803,2060,heat,R1,2050,gasboiler,A2,retrofit,residential,0.5265
804,2030,heat,R1,2025,gasboiler,A1,retrofit,residential,0.897999989
805,2035,heat,R1,2025,gasboiler,A3,retrofit,residential,0.224499997
806,2035,CO2f,R1,2030,gasboiler,A3,retrofit,residential,9.738.855
807,2040,CO2f,R1,2035,gassupply1,A1,retrofit,gas,130.483.493.196
808,2055,CO2f,R1,2050,gasboiler,A3,retrofit,residential,11.356.605
809,2040,CO2f,R1,2030,gassupply1,A1,retrofit,gas,13.116.019.153
810,2055,CO2f,R1,2045,gassupply1,A1,retrofit,gas,152.683.025.053
811,2060,heat,R1,2055,gasboiler,A2,retrofit,residential,0.823499991
812,2060,heat,R1,2025,gasboiler,A2,retrofit,residential,4.27E-09
813,2055,gas,R1,2050,gassupply2,A1,retrofit,gas,0.262724977
814,2025,heat,R1,2025,gasboiler,A2,retrofit,residential,0.325
815,2045,CO2f,R1,2040,gasboiler,A3,retrofit,residential,11.356.605
816,2040,gas,R1,2030,gassupply1,A1,retrofit,gas,114.225.998.967
817,2050,heat,R1,2040,gasboiler,A2,retrofit,residential,0.5265
818,2055,CO2f,R1,2025,gasboiler,A2,retrofit,residential,2.77E-03
819,2030,gas,R1,2025,gassupply1,A1,retrofit,gas,0.707275023
820,2050,heat,R1,2040,gasboiler,A2,retrofit,residential,0.26325
821,2040,heat,R1,2035,gasboiler,A1,retrofit,residential,0.498999994
822,2035,heat,R1,2025,gasboiler,A1,retrofit,residential,0.448999994
823,2055,heat,R1,2050,gasboiler,A3,retrofit,residential,0.1755
824,2030,CO2f,R1,2025,gasboiler,A1,retrofit,residential,7.38E-03
825,2035,CO2f,R1,2025,gasboiler,A3,retrofit,residential,3.69E-03
826,2040,heat,R1,2025,gasboiler,A3,retrofit,residential,4.27E-09
827,2050,CO2f,R1,2040,gassupply1,A1,retrofit,gas,164.605.698.909
828,2045,heat,R1,2035,gasboiler,A1,retrofit,residential,0.498999994
829,2030,CO2f,R1,2025,gassupply1,A1,retrofit,gas,21.656.792.268
830,2045,heat,R1,2035,gasboiler,A3,retrofit,residential,0.374249996
831,2030,electricity,R1,2025,gasCCGT,A1,retrofit,power,9.00E-09
832,2055,CO2f,R1,2045,gasboiler,A1,retrofit,residential,7.105.157.926.231
833,2045,CO2f,R1,2025,gasboiler,A1,retrofit,residential,3.69E-03
834,2060,heat,R1,2055,gasboiler,A2,retrofit,residential,0.548999994
835,2030,CO2f,R1,2025,gassupply1,A1,retrofit,gas,157.932.828.135
836,2035,CO2f,R1,2025,gasboiler,A2,retrofit,residential,2.179.109.222.336
837,2030,CO2f,R1,2025,gasboiler,A1,retrofit,residential,2.46E-04
838,2035,electricity,R1,2025,gasCCGT,A1,retrofit,power,5.91E-09
839,2055,CO2f,R1,2025,gasboiler,A3,retrofit,residential,1.84E-03
840,2060,heat,R1,2055,gasboiler,A2,retrofit,residential,0.411749996
841,2040,heat,R1,2035,gasboiler,A1,retrofit,residential,0.332666663
842,2025,CO2f,R1,2025,gasboiler,A1,retrofit,residential,1.721.286
843,2060,gas,R1,2050,gassupply2,A1,retrofit,gas,0.175149985
844,2035,heat,R1,2025,gasboiler,A1,retrofit,residential,3.80E-09
845,2055,CO2f,R1,2045,gasboiler,A2,retrofit,residential,2.664.434.222.336
846,2060,heat,R1,2050,gasboiler,A1,retrofit,residential,0.234
847,2045,heat,R1,2035,gasboiler,A2,retrofit,residential,0.374249996
848,2060,CO2f,R1,2050,gasboiler,A2,retrofit,residential,170.349.075
849,2030,electricity,R1,2025,windturbine,A1,retrofit,power,0.067499987
850,2035,heat,R1,2030,gasboiler,A3,retrofit,residential,0.301
851,2050,heat,R1,2025,gasboiler,A1,retrofit,residential,5.70E-09
852,2045,CO2f,R1,2040,gasboiler,A2,retrofit,residential,11.356.605
853,2060,gas,R1,2050,gassupply1,A1,retrofit,gas,0.9
854,2040,CO2f,R1,2025,gasboiler,A2,retrofit,residential,1.84E-03
855,2035,CO2f,R1,2025,gassupply1,A1,retrofit,gas,10.828.396.134
856,2040,CO2f,R1,2025,gasCCGT,A1,retrofit,power,5.42E-03
857,2030,CO2f,R1,2025,gasboiler,A2,retrofit,residential,1.624.221.036.885
858,2040,CO2f,R1,2030,gasboiler,A3,retrofit,residential,146.082.825
859,2035,heat,R1,2025,gasboiler,A1,retrofit,residential,0.29933333
860,2050,heat,R1,2040,gasboiler,A3,retrofit,residential,0.351
861,2060,heat,R1,2025,gasboiler,A1,retrofit,residential,1.14E-08
862,2035,gas,R1,2025,gassupply1,A1,retrofit,gas,0.707275023
863,2040,heat,R1,2030,heatpump,A1,retrofit,residential,0.602
864,2055,CO2f,R1,2050,gasboiler,A2,retrofit,residential,11.356.605
865,2035,CO2f,R1,2025,gasboiler,A2,retrofit,residential,1.84E-03
866,2055,heat,R1,2045,gasboiler,A2,retrofit,residential,0.274499997
867,2045,heat,R1,2040,gasboiler,A1,retrofit,residential,0.702
868,2035,CO2f,R1,2025,gasboiler,A2,retrofit,residential,4.358.218.444.673
869,2035,heat,R1,2030,gasboiler,A3,retrofit,residential,0.4515
870,2045,heat,R1,2040,gasboiler,A2,retrofit,residential,0.26325
871,2035,CO2f,R1,2025,gasboiler,A2,retrofit,residential,1.84E-03
872,2045,CO2f,R1,2035,gasboiler,A2,retrofit,residential,2.421.771.722.336
873,2045,gas,R1,2040,gassupply1,A1,retrofit,gas,215.029.996.994
874,2050,CO2f,R1,2025,gasboiler,A3,retrofit,residential,1.84E-03
875,2025,heat,R1,2025,gasboiler,A3,retrofit,residential,0.975
876,2050,heat,R1,2025,gasboiler,A3,retrofit,residential,4.27E-09
877,2060,heat,R1,2055,gasboiler,A3,retrofit,residential,0.548999994
878,2040,CO2f,R1,2030,gassupply1,A1,retrofit,gas,174.880.255.373
879,2025,gas,R1,2025,gassupply1,A1,retrofit,gas,341.313
880,2055,CO2f,R1,2045,gassupply1,A1,retrofit,gas,203.577.366.737
881,2030,CO2f,R1,2025,gasboiler,A2,retrofit,residential,1.452.739.481.558
882,2030,CO2f,R1,2025,gasboiler,A1,retrofit,residential,2.46E-04
883,2050,CO2f,R1,2045,gasboiler,A2,retrofit,residential,1.776.289.481.558
884,2055,gas,R1,2050,gassupply1,A1,retrofit,gas,1.35
885,2035,heat,R1,2025,gasboiler,A3,retrofit,residential,2.85E-09
886,2025,electricity,R1,2025,windturbine,A1,retrofit,power,0.0658
887,2025,heat,R1,2025,gasboiler,A3,retrofit,residential,0.325
888,2030,CO2f,R1,2025,gasCCGT,A1,retrofit,power,8.25E-03
889,2040,heat,R1,2030,heatpump,A1,retrofit,residential,0.401333333
890,2045,heat,R1,2025,gasboiler,A2,retrofit,residential,2.85E-09
891,2050,CO2f,R1,2025,gasboiler,A2,retrofit,residential,5.53E-03
892,2045,gas,R1,2035,gassupply1,A1,retrofit,gas,0.568183348
893,2045,CO2f,R1,2040,gasboiler,A1,retrofit,residential,3.028.428
894,2045,CO2f,R1,2035,gassupply1,A1,retrofit,gas,0.869889955
895,2040,heat,R1,2025,gasboiler,A3,retrofit,residential,5.70E-09
896,2060,CO2f,R1,2050,gasboiler,A2,retrofit,residential,2.271.321
897,2030,heat,R1,2025,gasboiler,A1,retrofit,residential,3.80E-09
898,2035,heat,R1,2025,gasboiler,A2,retrofit,residential,8.55E-09
899,2050,CO2f,R1,2040,gasboiler,A1,retrofit,residential,3.028.428
900,2060,CO2f,R1,2050,gassupply2,A1,retrofit,gas,241.194.694.426
901,2045,CO2f,R1,2035,gasboiler,A1,retrofit,residential,3.229.028.963.115
902,2045,heat,R1,2025,gasboiler,A1,retrofit,residential,1.14E-08
903,2060,CO2f,R1,2050,gassupply1,A1,retrofit,gas,206.685.296.595
904,2035,gas,R1,2030,gassupply1,A1,retrofit,gas,0.856694992
905,2025,CO2f,R1,2025,gasboiler,A3,retrofit,residential,2.103.075
906,2025,CO2f,R1,2025,gasCCGT,A1,retrofit,power,412.515
907,2045,heat,R1,2025,gasboiler,A1,retrofit,residential,3.80E-09
908,2055,CO2f,R1,2045,gasboiler,A2,retrofit,residential,2.664.434.222.336
909,2050,CO2f,R1,2040,gasboiler,A2,retrofit,residential,170.349.075
910,2035,heat,R1,2025,gasboiler,A2,retrofit,residential,5.70E-09
911,2035,CO2f,R1,2025,gasboiler,A3,retrofit,residential,2.179.109.222.336
912,2050,gas,R1,2045,gassupply1,A1,retrofit,gas,0.664850015
913,2055,heat,R1,2050,gasboiler,A2,retrofit,residential,0.351
914,2055,CO2f,R1,2050,gassupply2,A1,retrofit,gas,160.796.462.951
915,2060,heat,R1,2025,gasboiler,A1,retrofit,residential,3.80E-09
916,2040,CO2f,R1,2030,gassupply1,A1,retrofit,gas,26.232.038.306
917,2045,CO2f,R1,2035,gasboiler,A1,retrofit,residential,215.268.597.541
918,2030,CO2f,R1,2025,gasboiler,A1,retrofit,residential,193.698.597.541
919,2055,CO2f,R1,2025,gasboiler,A1,retrofit,residential,7.38E-03
920,2040,gas,R1,2035,gassupply1,A1,retrofit,gas,0.568183348
921,2055,heat,R1,2045,gasboiler,A3,retrofit,residential,0.823499991
922,2045,CO2f,R1,2035,gasboiler,A2,retrofit,residential,1.614.514.481.558
923,2050,CO2f,R1,2040,gasboiler,A2,retrofit,residential,2.271.321
924,2055,heat,R1,2045,gasboiler,A1,retrofit,residential,0.731999992
925,2040,heat,R1,2025,gasboiler,A2,retrofit,residential,4.27E-09
926,2060,heat,R1,2050,gasboiler,A3,retrofit,residential,0.26325
927,2050,CO2f,R1,2045,gasboiler,A2,retrofit,residential,5.328.868.444.673
928,2060,gas,R1,2050,gassupply2,A1,retrofit,gas,0.262724977
929,2030,heat,R1,2025,gasboiler,A3,retrofit,residential,0.188250004
930,2040,CO2f,R1,2035,gasboiler,A2,retrofit,residential,3.229.028.963.115
931,2045,CO2f,R1,2040,gasboiler,A2,retrofit,residential,2.271.321
932,2025,electricity,R1,2025,windturbine,A1,retrofit,power,0.021933333
933,2050,CO2f,R1,2025,gasboiler,A2,retrofit,residential,1.84E-03
934,2050,gas,R1,2045,gassupply1,A1,retrofit,gas,132.970.003.006
935,2045,CO2f,R1,2035,gasboiler,A3,retrofit,residential,2.421.771.722.336
936,2060,CO2f,R1,2055,gassupply1,A1,retrofit,gas,152.683.025.053
937,2055,CO2f,R1,2045,gassupply1,A1,retrofit,gas,101.788.683.369
938,2050,heat,R1,2045,gasboiler,A1,retrofit,residential,0.365999996
939,2055,CO2f,R1,2045,gasboiler,A3,retrofit,residential,2.664.434.222.336
940,2025,CO2f,R1,2025,gasboiler,A1,retrofit,residential,5.163.858
941,2035,CO2f,R1,2025,gasboiler,A3,retrofit,residential,1.84E-03
942,2045,heat,R1,2035,gasboiler,A1,retrofit,residential,0.665333326
943,2030,heat,R1,2025,gasboiler,A3,retrofit,residential,0.376500009
944,2030,heat,R1,2025,gasboiler,A1,retrofit,residential,1.14E-08
945,2040,heat,R1,2025,gasboiler,A1,retrofit,residential,3.80E-09
946,2055,heat,R1,2045,gasboiler,A3,retrofit,residential,0.411749996
947,2055,CO2f,R1,2050,gasboiler,A3,retrofit,residential,11.356.605
948,2040,gas,R1,2035,gassupply1,A1,retrofit,gas,170.455.004.509
949,2045,CO2f,R1,2035,gassupply1,A1,retrofit,gas,130.483.493.196
